control_record_id,path,record_type,authority_status,owner,validation_contract_id,allowed_writers,allowed_readers,related_agentjob_id,supersedes,source_hash,last_validated_at,notes
ctrl_phase1_smoke_agentjob,control_records/examples/phase1_smoke_agentjob.yaml,agentjob,controlled,implementation_initialization,contract_agentjob,implementation_initialization_agent,all_agents,AJ-P1-SMOKE-001,,pending,pending,Existing smoke-test AgentJob
ctrl_skill_sync_agentjob,control_records/agentjobs/AJ-P1-SKILL-SYNC-001.yaml,agentjob,controlled,skill_governance,contract_agentjob,skill_integration_agent,all_agents,AJ-P1-SKILL-SYNC-001,,pending,pending,Skill integration AgentJob
ctrl_codex_metrics_agentjob,control_records/agentjobs/AJ-P1-CODEX-METRICS-ADAPT-001.yaml,agentjob,controlled,runtime_session_accounting,contract_agentjob,skill_dependency_adaptation_agent,all_agents,AJ-P1-CODEX-METRICS-ADAPT-001,,pending,pending,Codex metrics adaptation AgentJob
ctrl_system_definition_template_agentjob,control_records/agentjobs/AJ-P1-SYSTEM-DEFINITION-TEMPLATE-001.yaml,agentjob,controlled,system_definition,contract_agentjob,system_definition_template_agent,all_agents,AJ-P1-SYSTEM-DEFINITION-TEMPLATE-001,,pending,pending,System-definition template AgentJob
ctrl_skill_import_manifest,control_records/examples/skill_import_manifest.yaml,skill_import_manifest,controlled,skill_governance,,skill_integration_agent,all_agents,,,pending,pending,Existing skill import manifest without executable JSON Schema contract yet
ctrl_handoff_example,control_records/examples/handoff.example.yaml,handoff,controlled,implementation_initialization,contract_handoff,implementation_initialization_agent,all_agents,,,pending,pending,Example handoff
ctrl_completion_receipt_example,control_records/examples/completion_receipt.example.yaml,completion_receipt,controlled,implementation_initialization,contract_completion_receipt,implementation_initialization_agent,all_agents,,,pending,pending,Example completion receipt
ctrl_state_snapshot_example,control_records/examples/state_snapshot.example.yaml,state_snapshot,controlled,implementation_initialization,contract_state_snapshot,implementation_initialization_agent,all_agents,,,pending,pending,Example bounded state snapshot
ctrl_program_state,control_records/program_state.yaml,program_state,controlled,control_loop,contract_program_state,control_loop_engineer;system_director,all_agents,,,pending,pending,Current tracked continuation state for Sys4AI self-hosting implementation
ctrl_memory_preflight_example,control_records/memory_preflights/memory_preflight_receipt.example.yaml,memory_preflight_receipt,controlled,source_first_memory,contract_memory_preflight_receipt,memory_engineer;control_loop_engineer,all_agents,AJ-P1-SKILL-SYNC-001,,pending,pending,Example memory preflight receipt with source and registry inspection evidence
ctrl_selfhost_director_decision,control_records/director_decisions/DDR-P1-SELFHOST-001.yaml,director_decision,controlled,control_loop,contract_director_decision,system_director,all_agents,AJ-P1-SELFHOST-CONTINUE-KERNEL-001,,pending,pending,Director decision selecting the Phase 5 continue packet kernel AgentJob
ctrl_selfhost_continue_kernel_agentjob,control_records/agentjobs/AJ-P1-SELFHOST-CONTINUE-KERNEL-001.yaml,agentjob_v0_2,controlled,control_loop,contract_agentjob_v0_2,control_loop_engineer,all_agents,AJ-P1-SELFHOST-CONTINUE-KERNEL-001,,pending,pending,Operational AgentJob for Phase 5 continue packet kernel
ctrl_selfhost_continue_kernel_completion,control_records/completions/completion_receipt.example.v0_2.yaml,completion_receipt_v0_2,controlled,control_loop,contract_completion_receipt_v0_2,control_loop_engineer,all_agents,AJ-P1-SELFHOST-CONTINUE-KERNEL-001,,pending,pending,Operational completion receipt for continue kernel finalization
ctrl_selfhost_continue_kernel_handoff,control_records/handoffs/handoff.example.v0_2.yaml,handoff_v0_2,controlled,control_loop,contract_handoff_v0_2,control_loop_engineer,all_agents,AJ-P1-SELFHOST-CONTINUE-KERNEL-001,,pending,pending,Operational handoff after continue kernel finalization
ctrl_selfhost_continue_kernel_state_snapshot,control_records/state_snapshots/state_snapshot.example.v0_2.yaml,state_snapshot,controlled,control_loop,contract_state_snapshot,control_loop_engineer,all_agents,AJ-P1-SELFHOST-CONTINUE-KERNEL-001,,pending,pending,Bounded state snapshot after continue kernel finalization
ctrl_boundary_validators_agentjob,control_records/agentjobs/AJ-P1-BOUNDARY-VALIDATORS-001.yaml,agentjob_v0_2,controlled,control_loop,contract_agentjob_v0_2,validator_engineer,all_agents,AJ-P1-BOUNDARY-VALIDATORS-001,,pending,pending,Operational AgentJob for Phase 7 boundary and diff validators
ctrl_derivative_generators_agentjob,control_records/agentjobs/AJ-P1-DERIVATIVE-GENERATORS-001.yaml,agentjob_v0_2,controlled,control_loop,contract_agentjob_v0_2,derivative_generator_engineer,all_agents,AJ-P1-DERIVATIVE-GENERATORS-001,,pending,pending,Operational AgentJob for Phase 8 generated derivative generators
ctrl_continue_skills_agentjob,control_records/agentjobs/AJ-P1-CONTINUE-SKILLS-001.yaml,agentjob_v0_2,controlled,skill_governance,contract_agentjob_v0_2,skill_surface_engineer,all_agents,AJ-P1-CONTINUE-SKILLS-001,,pending,pending,Operational AgentJob for Phase 9 continue and source-first memory skill surfaces
ctrl_selfhost_acceptance_agentjob,control_records/agentjobs/AJ-P1-SELFHOST-ACCEPTANCE-001.yaml,agentjob_v0_2,controlled,control_loop,contract_agentjob_v0_2,acceptance_engineer,all_agents,AJ-P1-SELFHOST-ACCEPTANCE-001,,pending,2026-07-06T00:00:00Z,Operational AgentJob for Phase 10 self-hosting acceptance
ctrl_selfhost_acceptance_completion,control_records/completions/RECEIPT-P1-SELFHOST-ACCEPTANCE-001.yaml,completion_receipt_v0_2,controlled,control_loop,contract_completion_receipt_v0_2,acceptance_engineer,all_agents,AJ-P1-SELFHOST-ACCEPTANCE-001,,pending,2026-07-06T00:00:00Z,Acceptance completion receipt for self-hosting memory and continue plan
ctrl_selfhost_acceptance_handoff,control_records/handoffs/HANDOFF-P1-SELFHOST-ACCEPTANCE-001.yaml,handoff_v0_2,controlled,control_loop,contract_handoff_v0_2,acceptance_engineer,all_agents,AJ-P1-SELFHOST-ACCEPTANCE-001,,pending,2026-07-06T00:00:00Z,Acceptance handoff closing the self-hosting memory and continue plan
ctrl_selfhost_acceptance_memory_preflight,control_records/memory_preflights/MEMPREFLIGHT-P1-SELFHOST-ACCEPTANCE-001.yaml,memory_preflight_receipt,controlled,source_first_memory,contract_memory_preflight_receipt,acceptance_engineer,all_agents,AJ-P1-SELFHOST-ACCEPTANCE-001,,pending,2026-07-06T00:00:00Z,Memory preflight receipt for Phase 10 acceptance
ctrl_runtime_skill_reconciliation_agentjob,control_records/agentjobs/AJ-SFADEV-05-RUNTIME-SKILL-RECONCILIATION-001.yaml,agentjob_v0_2,controlled,skill_governance,contract_agentjob_v0_2,documentation_librarian,all_agents,AJ-SFADEV-05-RUNTIME-SKILL-RECONCILIATION-001,,pending,2026-07-07T03:11:28Z,Operational AgentJob for all-recommendations runtime skill reconciliation
ctrl_runtime_skill_reconciliation_completion,control_records/completions/RECEIPT-SFADEV-05-RUNTIME-SKILL-RECONCILIATION-001.yaml,completion_receipt_v0_2,controlled,skill_governance,contract_completion_receipt_v0_2,documentation_librarian,all_agents,AJ-SFADEV-05-RUNTIME-SKILL-RECONCILIATION-001,,pending,2026-07-07T03:11:28Z,Completion receipt for all-recommendations runtime skill reconciliation
ctrl_runtime_skill_reconciliation_handoff,control_records/handoffs/HANDOFF-SFADEV-05-RUNTIME-SKILL-RECONCILIATION-001.yaml,handoff_v0_2,controlled,skill_governance,contract_handoff_v0_2,documentation_librarian,all_agents,AJ-SFADEV-05-RUNTIME-SKILL-RECONCILIATION-001,,pending,2026-07-07T03:11:28Z,Handoff for all-recommendations runtime skill reconciliation
ctrl_runtime_skill_reconciliation_memory_preflight,control_records/memory_preflights/MEMPREFLIGHT-SFADEV-05-RUNTIME-SKILL-RECONCILIATION-001.yaml,memory_preflight_receipt,controlled,source_first_memory,contract_memory_preflight_receipt,documentation_librarian,all_agents,AJ-SFADEV-05-RUNTIME-SKILL-RECONCILIATION-001,,pending,2026-07-07T03:11:28Z,Memory preflight receipt for all-recommendations runtime skill reconciliation
ctrl_prd_integration_director_decision,control_records/director_decisions/DDR-SFADEV-01-PRD-INTEGRATION-001.yaml,director_decision,controlled,implementation_initialization,contract_director_decision,system_director,all_agents,AJ-SFADEV-01-PRD-INTEGRATION-001,,pending,2026-07-07T03:28:46Z,Director decision selecting the all-recommendations PRD integration AgentJob
ctrl_prd_integration_agentjob,control_records/agentjobs/AJ-SFADEV-01-PRD-INTEGRATION-001.yaml,agentjob_v0_2,controlled,implementation_initialization,contract_agentjob_v0_2,system_engineer,all_agents,AJ-SFADEV-01-PRD-INTEGRATION-001,,pending,2026-07-07T03:28:46Z,Operational AgentJob for all-recommendations PRD integration
ctrl_prd_integration_memory_preflight,control_records/memory_preflights/MEMPREFLIGHT-SFADEV-01-PRD-INTEGRATION-001.yaml,memory_preflight_receipt,controlled,source_first_memory,contract_memory_preflight_receipt,system_engineer,all_agents,AJ-SFADEV-01-PRD-INTEGRATION-001,,pending,2026-07-07T03:28:46Z,Memory preflight receipt for all-recommendations PRD integration
ctrl_prd_integration_completion,control_records/completions/RECEIPT-SFADEV-01-PRD-INTEGRATION-001.yaml,completion_receipt_v0_2,controlled,implementation_initialization,contract_completion_receipt_v0_2,system_engineer,all_agents,AJ-SFADEV-01-PRD-INTEGRATION-001,,pending,2026-07-07T03:28:46Z,Completion receipt for all-recommendations PRD integration
ctrl_prd_integration_handoff,control_records/handoffs/HANDOFF-SFADEV-01-PRD-INTEGRATION-001.yaml,handoff_v0_2,controlled,implementation_initialization,contract_handoff_v0_2,system_engineer,all_agents,AJ-SFADEV-01-PRD-INTEGRATION-001,,pending,2026-07-07T03:28:46Z,Handoff for all-recommendations PRD integration
ctrl_registry_schema_expansion_director_decision,control_records/director_decisions/DDR-SFADEV-02-REGISTRY-SCHEMA-EXPANSION-001.yaml,director_decision,controlled,implementation_initialization,contract_director_decision,system_director,all_agents,AJ-SFADEV-02-REGISTRY-SCHEMA-EXPANSION-001,,pending,2026-07-07T03:45:23Z,Director decision selecting the all-recommendations registry and schema expansion AgentJob
ctrl_registry_schema_expansion_agentjob,control_records/agentjobs/AJ-SFADEV-02-REGISTRY-SCHEMA-EXPANSION-001.yaml,agentjob_v0_2,controlled,implementation_initialization,contract_agentjob_v0_2,implementation_initialization_agent,all_agents,AJ-SFADEV-02-REGISTRY-SCHEMA-EXPANSION-001,,pending,2026-07-07T03:45:23Z,Operational AgentJob for all-recommendations registry and schema expansion
ctrl_registry_schema_expansion_memory_preflight,control_records/memory_preflights/MEMPREFLIGHT-SFADEV-02-REGISTRY-SCHEMA-EXPANSION-001.yaml,memory_preflight_receipt,controlled,source_first_memory,contract_memory_preflight_receipt,implementation_initialization_agent,all_agents,AJ-SFADEV-02-REGISTRY-SCHEMA-EXPANSION-001,,pending,2026-07-07T03:45:23Z,Memory preflight receipt for all-recommendations registry and schema expansion
ctrl_registry_schema_expansion_completion,control_records/completions/RECEIPT-SFADEV-02-REGISTRY-SCHEMA-EXPANSION-001.yaml,completion_receipt_v0_2,controlled,implementation_initialization,contract_completion_receipt_v0_2,implementation_initialization_agent,all_agents,AJ-SFADEV-02-REGISTRY-SCHEMA-EXPANSION-001,,pending,2026-07-07T03:45:23Z,Completion receipt for all-recommendations registry and schema expansion
ctrl_registry_schema_expansion_handoff,control_records/handoffs/HANDOFF-SFADEV-02-REGISTRY-SCHEMA-EXPANSION-001.yaml,handoff_v0_2,controlled,implementation_initialization,contract_handoff_v0_2,implementation_initialization_agent,all_agents,AJ-SFADEV-02-REGISTRY-SCHEMA-EXPANSION-001,,pending,2026-07-07T03:45:23Z,Handoff for all-recommendations registry and schema expansion
ctrl_discovery_gate_director_decision,control_records/director_decisions/DDR-SFADEV-03-DISCOVERY-GATE-001.yaml,director_decision,controlled,system_definition,contract_director_decision,system_director,all_agents,AJ-SFADEV-03-DISCOVERY-GATE-001,,pending,2026-07-07T03:55:34Z,Director decision selecting the all-recommendations discovery gate AgentJob
ctrl_discovery_gate_agentjob,control_records/agentjobs/AJ-SFADEV-03-DISCOVERY-GATE-001.yaml,agentjob_v0_2,controlled,system_definition,contract_agentjob_v0_2,user_wants_elicitor,all_agents,AJ-SFADEV-03-DISCOVERY-GATE-001,,pending,2026-07-07T03:55:34Z,Operational AgentJob for all-recommendations discovery gate implementation
ctrl_discovery_gate_smoke_agentjob,control_records/agentjobs/AJ-P1-DISCOVERY-GATE-SMOKE-001.yaml,agentjob_v0_2,controlled,system_definition,contract_agentjob_v0_2,user_wants_elicitor,all_agents,AJ-P1-DISCOVERY-GATE-SMOKE-001,,pending,2026-07-07T03:55:34Z,Pending smoke AgentJob for discovery gate validation
ctrl_discovery_gate_memory_preflight,control_records/memory_preflights/MEMPREFLIGHT-SFADEV-03-DISCOVERY-GATE-001.yaml,memory_preflight_receipt,controlled,source_first_memory,contract_memory_preflight_receipt,user_wants_elicitor,all_agents,AJ-SFADEV-03-DISCOVERY-GATE-001,,pending,2026-07-07T03:55:34Z,Memory preflight receipt for all-recommendations discovery gate implementation
ctrl_discovery_gate_completion,control_records/completions/RECEIPT-SFADEV-03-DISCOVERY-GATE-001.yaml,completion_receipt_v0_2,controlled,system_definition,contract_completion_receipt_v0_2,user_wants_elicitor,all_agents,AJ-SFADEV-03-DISCOVERY-GATE-001,,pending,2026-07-07T03:55:34Z,Completion receipt for all-recommendations discovery gate implementation
ctrl_discovery_gate_handoff,control_records/handoffs/HANDOFF-SFADEV-03-DISCOVERY-GATE-001.yaml,handoff_v0_2,controlled,system_definition,contract_handoff_v0_2,user_wants_elicitor,all_agents,AJ-SFADEV-03-DISCOVERY-GATE-001,,pending,2026-07-07T03:55:34Z,Handoff for all-recommendations discovery gate implementation
ctrl_role_governance_director_decision,control_records/director_decisions/DDR-SFADEV-04-ROLE-GOVERNANCE-001.yaml,director_decision,controlled,implementation_initialization,contract_director_decision,system_director,all_agents,AJ-SFADEV-04-ROLE-GOVERNANCE-001,,pending,2026-07-07T04:07:48Z,Director decision selecting all-recommendations role governance implementation
ctrl_role_governance_agentjob,control_records/agentjobs/AJ-SFADEV-04-ROLE-GOVERNANCE-001.yaml,agentjob_v0_2,controlled,implementation_initialization,contract_agentjob_v0_2,implementation_initialization_agent,all_agents,AJ-SFADEV-04-ROLE-GOVERNANCE-001,,pending,2026-07-07T04:07:48Z,Operational AgentJob for all-recommendations role governance implementation
ctrl_role_governance_memory_preflight,control_records/memory_preflights/MEMPREFLIGHT-SFADEV-04-ROLE-GOVERNANCE-001.yaml,memory_preflight_receipt,controlled,source_first_memory,contract_memory_preflight_receipt,implementation_initialization_agent,all_agents,AJ-SFADEV-04-ROLE-GOVERNANCE-001,,pending,2026-07-07T04:07:48Z,Memory preflight receipt for all-recommendations role governance implementation
ctrl_role_governance_completion,control_records/completions/RECEIPT-SFADEV-04-ROLE-GOVERNANCE-001.yaml,completion_receipt_v0_2,controlled,implementation_initialization,contract_completion_receipt_v0_2,implementation_initialization_agent,all_agents,AJ-SFADEV-04-ROLE-GOVERNANCE-001,,pending,2026-07-07T04:07:48Z,Completion receipt for all-recommendations role governance implementation
ctrl_role_governance_handoff,control_records/handoffs/HANDOFF-SFADEV-04-ROLE-GOVERNANCE-001.yaml,handoff_v0_2,controlled,implementation_initialization,contract_handoff_v0_2,implementation_initialization_agent,all_agents,AJ-SFADEV-04-ROLE-GOVERNANCE-001,,pending,2026-07-07T04:07:48Z,Handoff for all-recommendations role governance implementation
ctrl_skill_lifecycle_director_decision,control_records/director_decisions/DDR-SFADEV-06-SKILL-LIFECYCLE-001.yaml,director_decision,controlled,implementation_initialization,contract_director_decision,system_director,all_agents,AJ-SFADEV-06-SKILL-LIFECYCLE-001,,pending,2026-07-07T04:34:28Z,Director decision selecting all-recommendations skill lifecycle governance
ctrl_skill_lifecycle_agentjob,control_records/agentjobs/AJ-SFADEV-06-SKILL-LIFECYCLE-001.yaml,agentjob_v0_2,controlled,implementation_initialization,contract_agentjob_v0_2,documentation_librarian,all_agents,AJ-SFADEV-06-SKILL-LIFECYCLE-001,,pending,2026-07-07T04:34:28Z,Operational AgentJob for all-recommendations skill lifecycle governance
ctrl_skill_lifecycle_memory_preflight,control_records/memory_preflights/MEMPREFLIGHT-SFADEV-06-SKILL-LIFECYCLE-001.yaml,memory_preflight_receipt,controlled,source_first_memory,contract_memory_preflight_receipt,documentation_librarian,all_agents,AJ-SFADEV-06-SKILL-LIFECYCLE-001,,pending,2026-07-07T04:34:28Z,Memory preflight receipt for all-recommendations skill lifecycle governance
ctrl_skill_lifecycle_completion,control_records/completions/RECEIPT-SFADEV-06-SKILL-LIFECYCLE-001.yaml,completion_receipt_v0_2,controlled,implementation_initialization,contract_completion_receipt_v0_2,documentation_librarian,all_agents,AJ-SFADEV-06-SKILL-LIFECYCLE-001,,pending,2026-07-07T04:34:28Z,Completion receipt for all-recommendations skill lifecycle governance
ctrl_skill_lifecycle_handoff,control_records/handoffs/HANDOFF-SFADEV-06-SKILL-LIFECYCLE-001.yaml,handoff_v0_2,controlled,implementation_initialization,contract_handoff_v0_2,documentation_librarian,all_agents,AJ-SFADEV-06-SKILL-LIFECYCLE-001,,pending,2026-07-07T04:34:28Z,Handoff for all-recommendations skill lifecycle governance
ctrl_core_skills_batch_1_director_decision,control_records/director_decisions/DDR-SFADEV-07-CORE-SKILLS-BATCH-1-001.yaml,director_decision,controlled,implementation_initialization,contract_director_decision,system_director,all_agents,AJ-SFADEV-07-CORE-SKILLS-BATCH-1-001,,pending,2026-07-07T04:42:23Z,Director decision selecting all-recommendations core skill scaffold batch 1
ctrl_core_skills_batch_1_agentjob,control_records/agentjobs/AJ-SFADEV-07-CORE-SKILLS-BATCH-1-001.yaml,agentjob_v0_2,controlled,implementation_initialization,contract_agentjob_v0_2,implementation_initialization_agent,all_agents,AJ-SFADEV-07-CORE-SKILLS-BATCH-1-001,,pending,2026-07-07T04:42:23Z,Operational AgentJob for all-recommendations core skill scaffold batch 1
ctrl_core_skills_batch_1_memory_preflight,control_records/memory_preflights/MEMPREFLIGHT-SFADEV-07-CORE-SKILLS-BATCH-1-001.yaml,memory_preflight_receipt,controlled,source_first_memory,contract_memory_preflight_receipt,implementation_initialization_agent,all_agents,AJ-SFADEV-07-CORE-SKILLS-BATCH-1-001,,pending,2026-07-07T04:42:23Z,Memory preflight receipt for all-recommendations core skill scaffold batch 1
ctrl_core_skills_batch_1_completion,control_records/completions/RECEIPT-SFADEV-07-CORE-SKILLS-BATCH-1-001.yaml,completion_receipt_v0_2,controlled,implementation_initialization,contract_completion_receipt_v0_2,implementation_initialization_agent,all_agents,AJ-SFADEV-07-CORE-SKILLS-BATCH-1-001,,pending,2026-07-07T04:42:23Z,Completion receipt for all-recommendations core skill scaffold batch 1
ctrl_core_skills_batch_1_handoff,control_records/handoffs/HANDOFF-SFADEV-07-CORE-SKILLS-BATCH-1-001.yaml,handoff_v0_2,controlled,implementation_initialization,contract_handoff_v0_2,implementation_initialization_agent,all_agents,AJ-SFADEV-07-CORE-SKILLS-BATCH-1-001,,pending,2026-07-07T04:42:23Z,Handoff for all-recommendations core skill scaffold batch 1
ctrl_core_skills_batch_2_director_decision,control_records/director_decisions/DDR-SFADEV-08-CORE-SKILLS-BATCH-2-001.yaml,director_decision,controlled,implementation_initialization,contract_director_decision,system_director,all_agents,AJ-SFADEV-08-CORE-SKILLS-BATCH-2-001,,pending,2026-07-07T05:07:55Z,Director decision selecting all-recommendations core skill scaffold batch 2
ctrl_core_skills_batch_2_agentjob,control_records/agentjobs/AJ-SFADEV-08-CORE-SKILLS-BATCH-2-001.yaml,agentjob_v0_2,controlled,implementation_initialization,contract_agentjob_v0_2,implementation_initialization_agent,all_agents,AJ-SFADEV-08-CORE-SKILLS-BATCH-2-001,,pending,2026-07-07T05:07:55Z,Operational AgentJob for all-recommendations core skill scaffold batch 2
ctrl_core_skills_batch_2_memory_preflight,control_records/memory_preflights/MEMPREFLIGHT-SFADEV-08-CORE-SKILLS-BATCH-2-001.yaml,memory_preflight_receipt,controlled,source_first_memory,contract_memory_preflight_receipt,implementation_initialization_agent,all_agents,AJ-SFADEV-08-CORE-SKILLS-BATCH-2-001,,pending,2026-07-07T05:07:55Z,Memory preflight receipt for all-recommendations core skill scaffold batch 2
ctrl_core_skills_batch_2_completion,control_records/completions/RECEIPT-SFADEV-08-CORE-SKILLS-BATCH-2-001.yaml,completion_receipt_v0_2,controlled,implementation_initialization,contract_completion_receipt_v0_2,implementation_initialization_agent,all_agents,AJ-SFADEV-08-CORE-SKILLS-BATCH-2-001,,pending,2026-07-07T05:07:55Z,Completion receipt for all-recommendations core skill scaffold batch 2
ctrl_core_skills_batch_2_handoff,control_records/handoffs/HANDOFF-SFADEV-08-CORE-SKILLS-BATCH-2-001.yaml,handoff_v0_2,controlled,implementation_initialization,contract_handoff_v0_2,implementation_initialization_agent,all_agents,AJ-SFADEV-08-CORE-SKILLS-BATCH-2-001,,pending,2026-07-07T05:07:55Z,Handoff for all-recommendations core skill scaffold batch 2
ctrl_generated_docs_director_decision,control_records/director_decisions/DDR-SFADEV-09-GENERATED-DOCS-001.yaml,director_decision,controlled,implementation_initialization,contract_director_decision,system_director,all_agents,AJ-SFADEV-09-GENERATED-DOCS-001,,pending,2026-07-07T05:19:36Z,Director decision selecting all-recommendations generated docs and derivative governance
ctrl_generated_docs_agentjob,control_records/agentjobs/AJ-SFADEV-09-GENERATED-DOCS-001.yaml,agentjob_v0_2,controlled,implementation_initialization,contract_agentjob_v0_2,documentation_librarian,all_agents,AJ-SFADEV-09-GENERATED-DOCS-001,,pending,2026-07-07T05:19:36Z,Operational AgentJob for all-recommendations generated docs and derivative governance
ctrl_generated_docs_memory_preflight,control_records/memory_preflights/MEMPREFLIGHT-SFADEV-09-GENERATED-DOCS-001.yaml,memory_preflight_receipt,controlled,source_first_memory,contract_memory_preflight_receipt,documentation_librarian,all_agents,AJ-SFADEV-09-GENERATED-DOCS-001,,pending,2026-07-07T05:19:36Z,Memory preflight receipt for all-recommendations generated docs and derivative governance
ctrl_generated_docs_completion,control_records/completions/RECEIPT-SFADEV-09-GENERATED-DOCS-001.yaml,completion_receipt_v0_2,controlled,implementation_initialization,contract_completion_receipt_v0_2,documentation_librarian,all_agents,AJ-SFADEV-09-GENERATED-DOCS-001,,pending,2026-07-07T05:19:36Z,Completion receipt for all-recommendations generated docs and derivative governance
ctrl_generated_docs_handoff,control_records/handoffs/HANDOFF-SFADEV-09-GENERATED-DOCS-001.yaml,handoff_v0_2,controlled,implementation_initialization,contract_handoff_v0_2,documentation_librarian,all_agents,AJ-SFADEV-09-GENERATED-DOCS-001,,pending,2026-07-07T05:19:36Z,Handoff for all-recommendations generated docs and derivative governance
ctrl_end_to_end_acceptance_director_decision,control_records/director_decisions/DDR-SFADEV-10-END-TO-END-ACCEPTANCE-001.yaml,director_decision,controlled,implementation_initialization,contract_director_decision,system_director,all_agents,AJ-SFADEV-10-END-TO-END-ACCEPTANCE-001,,pending,2026-07-07T05:32:54Z,Director decision selecting all-recommendations end-to-end acceptance
ctrl_end_to_end_acceptance_agentjob,control_records/agentjobs/AJ-SFADEV-10-END-TO-END-ACCEPTANCE-001.yaml,agentjob_v0_2,controlled,implementation_initialization,contract_agentjob_v0_2,requirements_verifier,all_agents,AJ-SFADEV-10-END-TO-END-ACCEPTANCE-001,,pending,2026-07-07T05:32:54Z,Operational AgentJob for all-recommendations end-to-end acceptance
ctrl_end_to_end_acceptance_memory_preflight,control_records/memory_preflights/MEMPREFLIGHT-SFADEV-10-END-TO-END-ACCEPTANCE-001.yaml,memory_preflight_receipt,controlled,source_first_memory,contract_memory_preflight_receipt,requirements_verifier,all_agents,AJ-SFADEV-10-END-TO-END-ACCEPTANCE-001,,pending,2026-07-07T05:32:54Z,Memory preflight receipt for all-recommendations end-to-end acceptance
ctrl_end_to_end_acceptance_completion,control_records/completions/RECEIPT-SFADEV-10-END-TO-END-ACCEPTANCE-001.yaml,completion_receipt_v0_2,controlled,implementation_initialization,contract_completion_receipt_v0_2,requirements_verifier,all_agents,AJ-SFADEV-10-END-TO-END-ACCEPTANCE-001,,pending,2026-07-07T05:32:54Z,Completion receipt for all-recommendations end-to-end acceptance
ctrl_end_to_end_acceptance_handoff,control_records/handoffs/HANDOFF-SFADEV-10-END-TO-END-ACCEPTANCE-001.yaml,handoff_v0_2,controlled,implementation_initialization,contract_handoff_v0_2,requirements_verifier,all_agents,AJ-SFADEV-10-END-TO-END-ACCEPTANCE-001,,pending,2026-07-07T05:32:54Z,Handoff for all-recommendations end-to-end acceptance
ctrl_sys4ai_name_migration_director_decision,control_records/director_decisions/DDR-SYS4AI-DEV-NAME-MIGRATION-001.yaml,director_decision,controlled,implementation_initialization,contract_director_decision,system_director,all_agents,AJ-SYS4AI-DEV-NAME-MIGRATION-001,,pending,2026-07-07T12:00:00Z,Director decision selecting Sys4AI and Sys4AI-dev name migration
ctrl_sys4ai_name_migration_agentjob,control_records/agentjobs/AJ-SYS4AI-DEV-NAME-MIGRATION-001.yaml,agentjob_v0_2,controlled,implementation_initialization,contract_agentjob_v0_2,baseline_change_manager,all_agents,AJ-SYS4AI-DEV-NAME-MIGRATION-001,,pending,2026-07-07T12:00:00Z,Operational AgentJob for Sys4AI and Sys4AI-dev name migration
ctrl_sys4ai_name_migration_memory_preflight,control_records/memory_preflights/MEMPREFLIGHT-SYS4AI-DEV-NAME-MIGRATION-001.yaml,memory_preflight_receipt,controlled,source_first_memory,contract_memory_preflight_receipt,baseline_change_manager,all_agents,AJ-SYS4AI-DEV-NAME-MIGRATION-001,,pending,2026-07-07T12:00:00Z,Memory preflight receipt for Sys4AI and Sys4AI-dev name migration
ctrl_sys4ai_name_migration_completion,control_records/completions/RECEIPT-SYS4AI-DEV-NAME-MIGRATION-001.yaml,completion_receipt_v0_2,controlled,implementation_initialization,contract_completion_receipt_v0_2,baseline_change_manager,all_agents,AJ-SYS4AI-DEV-NAME-MIGRATION-001,,pending,2026-07-07T12:00:00Z,Completion receipt for Sys4AI and Sys4AI-dev name migration
ctrl_sys4ai_name_migration_handoff,control_records/handoffs/HANDOFF-SYS4AI-DEV-NAME-MIGRATION-001.yaml,handoff_v0_2,controlled,implementation_initialization,contract_handoff_v0_2,baseline_change_manager,all_agents,AJ-SYS4AI-DEV-NAME-MIGRATION-001,,pending,2026-07-07T12:00:00Z,Handoff for Sys4AI and Sys4AI-dev name migration
ctrl_init_frontdoor_director_decision,control_records/director_decisions/DDR-SFADEV-11-INIT-FRONTDOOR-001.yaml,director_decision,controlled,implementation_initialization,contract_director_decision,system_director,all_agents,AJ-SFADEV-11-INIT-FRONTDOOR-001,,pending,2026-07-07T18:00:00Z,Director decision selecting init front-door implementation
ctrl_init_frontdoor_agentjob,control_records/agentjobs/AJ-SFADEV-11-INIT-FRONTDOOR-001.yaml,agentjob_v0_2,controlled,implementation_initialization,contract_agentjob_v0_2,system_engineer,all_agents,AJ-SFADEV-11-INIT-FRONTDOOR-001,,pending,2026-07-07T18:00:00Z,Operational AgentJob for init front-door implementation
ctrl_init_frontdoor_memory_preflight,control_records/memory_preflights/MEMPREFLIGHT-SFADEV-11-INIT-FRONTDOOR-001.yaml,memory_preflight_receipt,controlled,source_first_memory,contract_memory_preflight_receipt,system_engineer,all_agents,AJ-SFADEV-11-INIT-FRONTDOOR-001,,pending,2026-07-07T18:00:00Z,Memory preflight receipt for init front-door implementation
ctrl_init_frontdoor_completion,control_records/completions/RECEIPT-SFADEV-11-INIT-FRONTDOOR-001.yaml,completion_receipt_v0_2,controlled,implementation_initialization,contract_completion_receipt_v0_2,system_engineer,all_agents,AJ-SFADEV-11-INIT-FRONTDOOR-001,,pending,2026-07-07T18:00:00Z,Completion receipt for init front-door implementation
ctrl_init_frontdoor_handoff,control_records/handoffs/HANDOFF-SFADEV-11-INIT-FRONTDOOR-001.yaml,handoff_v0_2,controlled,implementation_initialization,contract_handoff_v0_2,system_engineer,all_agents,AJ-SFADEV-11-INIT-FRONTDOOR-001,,pending,2026-07-07T18:00:00Z,Handoff for init front-door implementation
ctrl_ws00_baseline_agentjob,control_records/agentjobs/AJ-SFADEV-WS00-BASELINE-001.yaml,agentjob_v0_2,controlled,implementation_initialization,contract_agentjob_v0_2,requirements_verifier,all_agents,AJ-SFADEV-WS00-BASELINE-001,,pending,2026-07-07T18:30:00Z,AgentJob for WS-00 baseline validation and receipt evidence
ctrl_discovery_gate_smoke_director_decision,control_records/director_decisions/DDR-SFADEV-12-DISCOVERY-GATE-SMOKE-001.yaml,director_decision,controlled,system_definition,contract_director_decision,system_director,all_agents,AJ-SFADEV-12-DISCOVERY-GATE-SMOKE-001,,pending,2026-07-07T23:58:03Z,Director decision selecting discovery gate smoke validation
ctrl_discovery_gate_smoke_closeout_agentjob,control_records/agentjobs/AJ-SFADEV-12-DISCOVERY-GATE-SMOKE-001.yaml,agentjob_v0_2,controlled,system_definition,contract_agentjob_v0_2,user_wants_elicitor,all_agents,AJ-SFADEV-12-DISCOVERY-GATE-SMOKE-001,AJ-P1-DISCOVERY-GATE-SMOKE-001,pending,2026-07-07T23:58:03Z,Closeout-capable AgentJob for discovery gate smoke validation
ctrl_discovery_gate_smoke_memory_preflight,control_records/memory_preflights/MEMPREFLIGHT-SFADEV-12-DISCOVERY-GATE-SMOKE-001.yaml,memory_preflight_receipt,controlled,source_first_memory,contract_memory_preflight_receipt,user_wants_elicitor,all_agents,AJ-SFADEV-12-DISCOVERY-GATE-SMOKE-001,,pending,2026-07-07T23:58:03Z,Memory preflight receipt for discovery gate smoke validation
ctrl_discovery_gate_smoke_completion,control_records/completions/RECEIPT-SFADEV-12-DISCOVERY-GATE-SMOKE-001.yaml,completion_receipt_v0_2,controlled,system_definition,contract_completion_receipt_v0_2,user_wants_elicitor,all_agents,AJ-SFADEV-12-DISCOVERY-GATE-SMOKE-001,,pending,2026-07-07T23:58:03Z,Completion receipt for discovery gate smoke validation
ctrl_discovery_gate_smoke_handoff,control_records/handoffs/HANDOFF-SFADEV-12-DISCOVERY-GATE-SMOKE-001.yaml,handoff_v0_2,controlled,system_definition,contract_handoff_v0_2,user_wants_elicitor,all_agents,AJ-SFADEV-12-DISCOVERY-GATE-SMOKE-001,,pending,2026-07-07T23:58:03Z,Handoff for discovery gate smoke validation
ctrl_plan_control_director_decision,control_records/director_decisions/DDR-SFADEV-13-PLAN-CONTROL-001.yaml,director_decision,controlled,implementation_initialization,contract_director_decision,system_director,all_agents,AJ-SFADEV-13-PLAN-CONTROL-001,,pending,2026-07-08T00:33:02Z,Director decision selecting plan-control compatibility pointer packet
ctrl_plan_control_agentjob,control_records/agentjobs/AJ-SFADEV-13-PLAN-CONTROL-001.yaml,agentjob_v0_2,controlled,implementation_initialization,contract_agentjob_v0_2,system_director,all_agents,AJ-SFADEV-13-PLAN-CONTROL-001,,pending,2026-07-08T00:33:02Z,AgentJob for plan-control compatibility pointer packet
ctrl_plan_control_memory_preflight,control_records/memory_preflights/MEMPREFLIGHT-SFADEV-13-PLAN-CONTROL-001.yaml,memory_preflight_receipt,controlled,source_first_memory,contract_memory_preflight_receipt,system_director,all_agents,AJ-SFADEV-13-PLAN-CONTROL-001,,pending,2026-07-08T00:33:02Z,Memory preflight receipt for plan-control compatibility pointer
ctrl_plan_control_completion,control_records/completions/RECEIPT-SFADEV-13-PLAN-CONTROL-001.yaml,completion_receipt_v0_2,controlled,implementation_initialization,contract_completion_receipt_v0_2,system_director,all_agents,AJ-SFADEV-13-PLAN-CONTROL-001,,pending,2026-07-08T00:33:02Z,Completion receipt for plan-control compatibility pointer
ctrl_plan_control_handoff,control_records/handoffs/HANDOFF-SFADEV-13-PLAN-CONTROL-001.yaml,handoff_v0_2,controlled,implementation_initialization,contract_handoff_v0_2,system_director,all_agents,AJ-SFADEV-13-PLAN-CONTROL-001,,pending,2026-07-08T00:33:02Z,Handoff for plan-control compatibility pointer
ctrl_plan_completion_audit_director_decision,control_records/director_decisions/DDR-SFADEV-14-PLAN-COMPLETION-AUDIT-001.yaml,director_decision,controlled,implementation_initialization,contract_director_decision,system_director,all_agents,AJ-SFADEV-14-PLAN-COMPLETION-AUDIT-001,,pending,2026-07-08T00:43:46Z,Director decision selecting plan completion audit
ctrl_plan_completion_audit_agentjob,control_records/agentjobs/AJ-SFADEV-14-PLAN-COMPLETION-AUDIT-001.yaml,agentjob_v0_2,controlled,implementation_initialization,contract_agentjob_v0_2,requirements_verifier,all_agents,AJ-SFADEV-14-PLAN-COMPLETION-AUDIT-001,,pending,2026-07-08T00:43:46Z,AgentJob for plan completion audit
ctrl_plan_completion_audit_memory_preflight,control_records/memory_preflights/MEMPREFLIGHT-SFADEV-14-PLAN-COMPLETION-AUDIT-001.yaml,memory_preflight_receipt,controlled,source_first_memory,contract_memory_preflight_receipt,requirements_verifier,all_agents,AJ-SFADEV-14-PLAN-COMPLETION-AUDIT-001,,pending,2026-07-08T00:46:59Z,Memory preflight receipt for plan completion audit
ctrl_plan_completion_audit_completion,control_records/completions/RECEIPT-SFADEV-14-PLAN-COMPLETION-AUDIT-001.yaml,completion_receipt_v0_2,controlled,implementation_initialization,contract_completion_receipt_v0_2,requirements_verifier,all_agents,AJ-SFADEV-14-PLAN-COMPLETION-AUDIT-001,,pending,2026-07-08T00:46:59Z,Completion receipt for plan completion audit
ctrl_plan_completion_audit_handoff,control_records/handoffs/HANDOFF-SFADEV-14-PLAN-COMPLETION-AUDIT-001.yaml,handoff_v0_2,controlled,implementation_initialization,contract_handoff_v0_2,requirements_verifier,all_agents,AJ-SFADEV-14-PLAN-COMPLETION-AUDIT-001,,pending,2026-07-08T00:46:59Z,Handoff for plan completion audit
