relationship_id,subject_id,predicate,object_id,evidence_path,notes
REL-DISCOVERY-VALIDATOR-IMPLEMENTS-SCHEMA,SRC-VALIDATOR-DISCOVERY,implements,SRC-SCHEMA-DISCOVERY-RECORD,Sys4AI/sys_for_ai/discovery.py,Validator enforces the discovery-record contract and authority markers.
REL-DISCOVERY-CLI-EXPOSES-VALIDATOR,SRC-CLI-PHASE1,exposes,SRC-VALIDATOR-DISCOVERY,Sys4AI/sys_for_ai/cli.py,CLI command validate-discovery-record invokes the discovery validator.
REL-DISCOVERY-MAKE-RUNS-VALIDATOR,SRC-MAKE-PHASE1,runs,SRC-VALIDATOR-DISCOVERY,Sys4AI/Makefile,Make target validate-discovery-template validates the controlled discovery template.
REL-DISCOVERY-TEMPLATE-CONFORMS-SCHEMA,SRC-TEMPLATE-RDR,conforms_to,SRC-SCHEMA-DISCOVERY-RECORD,Sys4AI/templates/system_definition/requirements-discovery-record-template.md,Template supplies required sections and draft authority markers.
REL-SYSDEF-SKILL-USES-DISCOVERY-TEMPLATE,system-definition-interview,uses,SRC-TEMPLATE-RDR,Sys4AI/skills/core/system-definition-interview/SKILL.md,System-definition adapter writes discovery records from the controlled template.
REL-CONTEXT45-SKILL-USES-METRICS,system-definition-interview-context-45,uses,SRC-METRICS-SCRIPT,Sys4AI/skills/core/system-definition-interview-context-45/SKILL.md,Context-45 adapter depends on metrics for fail-closed continuation decisions.
REL-CONTEXT45-SKILL-USES-TEMP-PRD-ARCHIVE,system-definition-interview-context-45,uses,SRC-TEMP-PRD-ARCHIVE-SCRIPT,Sys4AI/skills/core/system-definition-interview-context-45/SKILL.md,Context-45 adapter uses archive preflight to preserve stale temp_prd checkpoints before fresh sessions.
REL-AJ-SKILL-SYNC-AUTHORIZES-SKILLS,SRC-AJ-SKILL-SYNC-001,authorizes,system-definition-interview,Sys4AI/control_records/agentjobs/AJ-P1-SKILL-SYNC-001.yaml,AgentJob authorizes local system-definition skill integration under source-first boundaries.
REL-AJ-METRICS-AUTHORIZES-CONTEXT45,SRC-AJ-CODEX-METRICS-ADAPT-001,authorizes,system-definition-interview-context-45,Sys4AI/control_records/agentjobs/AJ-P1-CODEX-METRICS-ADAPT-001.yaml,AgentJob authorizes metrics support needed for context-45 continuation decisions.
REL-AJ-TEMPLATE-AUTHORIZES-RDR,SRC-AJ-SYSTEM-DEFINITION-TEMPLATE-001,authorizes,SRC-TEMPLATE-RDR,Sys4AI/control_records/agentjobs/AJ-P1-SYSTEM-DEFINITION-TEMPLATE-001.yaml,AgentJob authorizes controlled requirements-discovery template creation and validation.
REL-SKILL-POLICY-ROUTES-SYSDEF,SRC-SKILL-INTEGRATION-POLICY,routes_to,system-definition-interview,Sys4AI/docs/skill_integration_policy.md,Skill integration policy makes system-definition the front door when target-system intent is unclear.
REL-DOCUMENT-SPINE-BOUNDS-PRD,SRC-SYSTEM-DOCUMENT-SPINE,bounds,SRC-PRD-P0,Sys4AI/docs/system_document_spine.md,System-document spine prevents Product Requirements Documents from becoming the only system authority surface.
REL-VALIDATORS-USE-CONTRACTS,SRC-VALIDATOR-CORE,validates_with,SRC-REG-VALIDATION-CONTRACTS,Sys4AI/sys_for_ai/validators.py,Core validators use the validation contract registry to validate TOML YAML and CSV rows.
REL-CLI-EXPOSES-FORMAT-VALIDATORS,SRC-CLI-PHASE1,exposes,SRC-VALIDATOR-CORE,Sys4AI/sys_for_ai/cli.py,CLI exposes format-profile TOML JSON Schema registry graph and generated derivative checks.
REL-MAKE-RUNS-FORMAT-VALIDATORS,SRC-MAKE-PHASE1,runs,SRC-VALIDATOR-CORE,Sys4AI/Makefile,Make validate includes the Pass 1 format-profile validation spine.
REL-DERIVATIVES-TRACE-CONFIG-REGISTRY,der_configuration_control_index,traces_to,SRC-REG-CONFIG-SOURCES,Sys4AI/docs/generated/configuration_control/index.md,Generated Configuration and Control Wiki stubs trace to configuration and control registries.
REL-CATALOG-TRACES-CONTRACT-REGISTRY,der_validation_contracts_index,traces_to,SRC-REG-VALIDATION-CONTRACTS,Sys4AI/docs/generated/validation_contracts/index.md,Generated Validation Contracts Catalog stubs trace to validation contract registry.
REL-REQ-TRACE-COVERS-P0,SRC-REG-REQ-TRACE,traces_to,SRC-PRD-P0,Sys4AI/registries/requirement_trace_registry.csv,Requirement trace registry maps explicit Phase 0 requirement rows to coverage rows semantic trace classes and review verdicts.
REL-REQ-TRACE-COVERS-P1,SRC-REG-REQ-TRACE,traces_to,SRC-PRD-P1,Sys4AI/registries/requirement_trace_registry.csv,Requirement trace registry maps Phase 0 requirements to Phase 1 initialization selectors.
REL-REQ-TRACE-CONFORMS-CONTRACT,SRC-REG-REQ-TRACE,conforms_to,SRC-CONTRACT-REQUIREMENT-TRACE-ROW,Sys4AI/registries/requirement_trace_registry.csv,Requirement trace registry rows validate against trace class justification and review verdict rules in the row contract.
REL-CLI-EXPOSES-REQ-TRACE,SRC-CLI-PHASE1,exposes,SRC-VALIDATOR-CORE,Sys4AI/sys_for_ai/cli.py,CLI exposes requirement trace validation.
REL-MAKE-RUNS-REQ-TRACE,SRC-MAKE-PHASE1,runs,SRC-VALIDATOR-CORE,Sys4AI/Makefile,Make validate includes requirement trace validation.
REL-SKILL-POLICY-ROUTES-INIT,SRC-SKILL-INTEGRATION-POLICY,routes_to,init,Sys4AI/docs/skill_integration_policy.md,Skill integration policy routes user-facing adoption through init before downstream discovery.
REL-DOCUMENT-SPINE-USES-INIT,SRC-SYSTEM-DOCUMENT-SPINE,routes_to,init,Sys4AI/docs/system_document_spine.md,System-document spine treats init as the practical entry into discovery and adoption.
REL-INIT-SKILL-USES-SYSDEF,init,routes_to,system-definition-interview-context-45,.agents/skills/init/SKILL.md,Init routes long discovery to the context-protected system-definition interview.
REL-INIT-SKILL-USES-CSB-TEMPLATE,init,uses,SRC-TEMPLATE-CURRENT-STATE-BASELINE,.agents/skills/init/SKILL.md,Init uses the current-state baseline template for approved brownfield evidence capture.
REL-AJ-INIT-AUTHORIZES-SKILL,SRC-AJ-INIT-FRONTDOOR-001,authorizes,init,Sys4AI/control_records/agentjobs/AJ-SFADEV-11-INIT-FRONTDOOR-001.yaml,AgentJob authorizes adding the init front-door skill surfaces and governance wiring.
REL-TARGET-PACKAGE-VALIDATOR-VALIDATES-SMOKE,SRC-TARGET-PACKAGE-VALIDATOR,validates,der_repo_steward_agent_package,Sys4AI/sys_for_ai/target_package.py,Validator checks package structure source trace and authority boundary.
REL-TARGET-PACKAGE-TRACES-PRD,der_repo_steward_agent_package,traces_to,SRC-PRD-P2-WALKING-SKELETON,Sys4AI/examples/target_systems/repo_steward_agent_package/target-system-manifest.yaml,Package manifest source trace points to the Phase 2 walking skeleton PRD.
REL-SRC-PRD-MODULE-INIT-DISCOVERY-TO-PRD-DECOMP-STRATEGY,SRC-PRD-MODULE-INIT-DISCOVERY,traces_to,SRC-PRD-DECOMPOSITION-STRATEGY,PRDs/modules/Sys4AI_init_and_discovery_prd.md,AJ24 draft module traces to the controlled decomposition strategy.
REL-SRC-PRD-MODULE-INIT-DISCOVERY-DERIVES-FROM-SRC-PRD-P0,SRC-PRD-MODULE-INIT-DISCOVERY,derives_from,SRC-PRD-P0,PRDs/modules/Sys4AI_init_and_discovery_prd.md,AJ24 draft module derives from the named source PRD and remains noncanonical.
REL-SRC-PRD-MODULE-INIT-DISCOVERY-DERIVES-FROM-SRC-PRD-P1,SRC-PRD-MODULE-INIT-DISCOVERY,derives_from,SRC-PRD-P1,PRDs/modules/Sys4AI_init_and_discovery_prd.md,AJ24 draft module derives from the named source PRD and remains noncanonical.
REL-SRC-PRD-MODULE-INIT-DISCOVERY-DERIVES-FROM-SRC-PRD-P2-WALKING-SKELETON,SRC-PRD-MODULE-INIT-DISCOVERY,derives_from,SRC-PRD-P2-WALKING-SKELETON,PRDs/modules/Sys4AI_init_and_discovery_prd.md,AJ24 draft module derives from the named source PRD and remains noncanonical.
REL-SRC-PRD-MODULE-AGENTJOB-CONTINUE-TO-PRD-DECOMP-STRATEGY,SRC-PRD-MODULE-AGENTJOB-CONTINUE,traces_to,SRC-PRD-DECOMPOSITION-STRATEGY,PRDs/modules/Sys4AI_agentjob_and_continue_prd.md,AJ24 draft module traces to the controlled decomposition strategy.
REL-SRC-PRD-MODULE-AGENTJOB-CONTINUE-DERIVES-FROM-SRC-PRD-P0,SRC-PRD-MODULE-AGENTJOB-CONTINUE,derives_from,SRC-PRD-P0,PRDs/modules/Sys4AI_agentjob_and_continue_prd.md,AJ24 draft module derives from the named source PRD and remains noncanonical.
REL-SRC-PRD-MODULE-AGENTJOB-CONTINUE-DERIVES-FROM-SRC-PRD-P1,SRC-PRD-MODULE-AGENTJOB-CONTINUE,derives_from,SRC-PRD-P1,PRDs/modules/Sys4AI_agentjob_and_continue_prd.md,AJ24 draft module derives from the named source PRD and remains noncanonical.
REL-SRC-PRD-MODULE-AGENTJOB-CONTINUE-DERIVES-FROM-SRC-PRD-P2-WALKING-SKELETON,SRC-PRD-MODULE-AGENTJOB-CONTINUE,derives_from,SRC-PRD-P2-WALKING-SKELETON,PRDs/modules/Sys4AI_agentjob_and_continue_prd.md,AJ24 draft module derives from the named source PRD and remains noncanonical.
REL-SRC-PRD-MODULE-SOURCE-FIRST-MEMORY-TO-PRD-DECOMP-STRATEGY,SRC-PRD-MODULE-SOURCE-FIRST-MEMORY,traces_to,SRC-PRD-DECOMPOSITION-STRATEGY,PRDs/modules/Sys4AI_source_first_memory_prd.md,AJ24 draft module traces to the controlled decomposition strategy.
REL-SRC-PRD-MODULE-SOURCE-FIRST-MEMORY-DERIVES-FROM-SRC-PRD-P0,SRC-PRD-MODULE-SOURCE-FIRST-MEMORY,derives_from,SRC-PRD-P0,PRDs/modules/Sys4AI_source_first_memory_prd.md,AJ24 draft module derives from the named source PRD and remains noncanonical.
REL-SRC-PRD-MODULE-SOURCE-FIRST-MEMORY-DERIVES-FROM-SRC-PRD-P1,SRC-PRD-MODULE-SOURCE-FIRST-MEMORY,derives_from,SRC-PRD-P1,PRDs/modules/Sys4AI_source_first_memory_prd.md,AJ24 draft module derives from the named source PRD and remains noncanonical.
REL-SRC-PRD-MODULE-SOURCE-FIRST-MEMORY-DERIVES-FROM-SRC-PRD-P2-WALKING-SKELETON,SRC-PRD-MODULE-SOURCE-FIRST-MEMORY,derives_from,SRC-PRD-P2-WALKING-SKELETON,PRDs/modules/Sys4AI_source_first_memory_prd.md,AJ24 draft module derives from the named source PRD and remains noncanonical.
REL-SRC-PRD-MODULE-SYSTEM-LAYERS-SELF-HOSTING-TO-PRD-DECOMP-STRATEGY,SRC-PRD-MODULE-SYSTEM-LAYERS-SELF-HOSTING,traces_to,SRC-PRD-DECOMPOSITION-STRATEGY,PRDs/modules/Sys4AI_system_layers_and_self_hosting_prd.md,AJ24 draft module traces to the controlled decomposition strategy.
REL-SRC-PRD-MODULE-SYSTEM-LAYERS-SELF-HOSTING-DERIVES-FROM-SRC-PRD-P0,SRC-PRD-MODULE-SYSTEM-LAYERS-SELF-HOSTING,derives_from,SRC-PRD-P0,PRDs/modules/Sys4AI_system_layers_and_self_hosting_prd.md,AJ24 draft module derives from the named source PRD and remains noncanonical.
REL-SRC-PRD-MODULE-SYSTEM-LAYERS-SELF-HOSTING-DERIVES-FROM-SRC-PRD-P1,SRC-PRD-MODULE-SYSTEM-LAYERS-SELF-HOSTING,derives_from,SRC-PRD-P1,PRDs/modules/Sys4AI_system_layers_and_self_hosting_prd.md,AJ24 draft module derives from the named source PRD and remains noncanonical.
REL-SRC-PRD-MODULE-SYSTEM-LAYERS-SELF-HOSTING-DERIVES-FROM-SRC-PRD-P2-WALKING-SKELETON,SRC-PRD-MODULE-SYSTEM-LAYERS-SELF-HOSTING,derives_from,SRC-PRD-P2-WALKING-SKELETON,PRDs/modules/Sys4AI_system_layers_and_self_hosting_prd.md,AJ24 draft module derives from the named source PRD and remains noncanonical.
REL-SRC-PRD-MODULE-ROLE-GOVERNANCE-TO-PRD-DECOMP-STRATEGY,SRC-PRD-MODULE-ROLE-GOVERNANCE,traces_to,SRC-PRD-DECOMPOSITION-STRATEGY,PRDs/modules/Sys4AI_role_governance_prd.md,AJ24 draft module traces to the controlled decomposition strategy.
REL-SRC-PRD-MODULE-ROLE-GOVERNANCE-DERIVES-FROM-SRC-PRD-P0,SRC-PRD-MODULE-ROLE-GOVERNANCE,derives_from,SRC-PRD-P0,PRDs/modules/Sys4AI_role_governance_prd.md,AJ24 draft module derives from the named source PRD and remains noncanonical.
REL-SRC-PRD-MODULE-ROLE-GOVERNANCE-DERIVES-FROM-SRC-PRD-P1,SRC-PRD-MODULE-ROLE-GOVERNANCE,derives_from,SRC-PRD-P1,PRDs/modules/Sys4AI_role_governance_prd.md,AJ24 draft module derives from the named source PRD and remains noncanonical.
REL-SRC-PRD-MODULE-ROLE-GOVERNANCE-DERIVES-FROM-SRC-PRD-P2-WALKING-SKELETON,SRC-PRD-MODULE-ROLE-GOVERNANCE,derives_from,SRC-PRD-P2-WALKING-SKELETON,PRDs/modules/Sys4AI_role_governance_prd.md,AJ24 draft module derives from the named source PRD and remains noncanonical.
REL-SRC-PRD-MODULE-SKILL-LIFECYCLE-TO-PRD-DECOMP-STRATEGY,SRC-PRD-MODULE-SKILL-LIFECYCLE,traces_to,SRC-PRD-DECOMPOSITION-STRATEGY,PRDs/modules/Sys4AI_skill_lifecycle_prd.md,AJ24 draft module traces to the controlled decomposition strategy.
REL-SRC-PRD-MODULE-SKILL-LIFECYCLE-DERIVES-FROM-SRC-PRD-P0,SRC-PRD-MODULE-SKILL-LIFECYCLE,derives_from,SRC-PRD-P0,PRDs/modules/Sys4AI_skill_lifecycle_prd.md,AJ24 draft module derives from the named source PRD and remains noncanonical.
REL-SRC-PRD-MODULE-SKILL-LIFECYCLE-DERIVES-FROM-SRC-PRD-P1,SRC-PRD-MODULE-SKILL-LIFECYCLE,derives_from,SRC-PRD-P1,PRDs/modules/Sys4AI_skill_lifecycle_prd.md,AJ24 draft module derives from the named source PRD and remains noncanonical.
REL-SRC-PRD-MODULE-SKILL-LIFECYCLE-DERIVES-FROM-SRC-PRD-P2-WALKING-SKELETON,SRC-PRD-MODULE-SKILL-LIFECYCLE,derives_from,SRC-PRD-P2-WALKING-SKELETON,PRDs/modules/Sys4AI_skill_lifecycle_prd.md,AJ24 draft module derives from the named source PRD and remains noncanonical.
REL-SRC-PRD-MODULE-VALIDATION-TRACEABILITY-TO-PRD-DECOMP-STRATEGY,SRC-PRD-MODULE-VALIDATION-TRACEABILITY,traces_to,SRC-PRD-DECOMPOSITION-STRATEGY,PRDs/modules/Sys4AI_validation_and_traceability_prd.md,AJ24 draft module traces to the controlled decomposition strategy.
REL-SRC-PRD-MODULE-VALIDATION-TRACEABILITY-DERIVES-FROM-SRC-PRD-P0,SRC-PRD-MODULE-VALIDATION-TRACEABILITY,derives_from,SRC-PRD-P0,PRDs/modules/Sys4AI_validation_and_traceability_prd.md,AJ24 draft module derives from the named source PRD and remains noncanonical.
REL-SRC-PRD-MODULE-VALIDATION-TRACEABILITY-DERIVES-FROM-SRC-PRD-P1,SRC-PRD-MODULE-VALIDATION-TRACEABILITY,derives_from,SRC-PRD-P1,PRDs/modules/Sys4AI_validation_and_traceability_prd.md,AJ24 draft module derives from the named source PRD and remains noncanonical.
REL-SRC-PRD-MODULE-VALIDATION-TRACEABILITY-DERIVES-FROM-SRC-PRD-P2-WALKING-SKELETON,SRC-PRD-MODULE-VALIDATION-TRACEABILITY,derives_from,SRC-PRD-P2-WALKING-SKELETON,PRDs/modules/Sys4AI_validation_and_traceability_prd.md,AJ24 draft module derives from the named source PRD and remains noncanonical.
REL-SRC-PRD-MODULE-TARGET-SYSTEM-GENERATION-TO-PRD-DECOMP-STRATEGY,SRC-PRD-MODULE-TARGET-SYSTEM-GENERATION,traces_to,SRC-PRD-DECOMPOSITION-STRATEGY,PRDs/modules/Sys4AI_target_system_generation_prd.md,AJ24 draft module traces to the controlled decomposition strategy.
REL-SRC-PRD-MODULE-TARGET-SYSTEM-GENERATION-DERIVES-FROM-SRC-PRD-P0,SRC-PRD-MODULE-TARGET-SYSTEM-GENERATION,derives_from,SRC-PRD-P0,PRDs/modules/Sys4AI_target_system_generation_prd.md,AJ24 draft module derives from the named source PRD and remains noncanonical.
REL-SRC-PRD-MODULE-TARGET-SYSTEM-GENERATION-DERIVES-FROM-SRC-PRD-P1,SRC-PRD-MODULE-TARGET-SYSTEM-GENERATION,derives_from,SRC-PRD-P1,PRDs/modules/Sys4AI_target_system_generation_prd.md,AJ24 draft module derives from the named source PRD and remains noncanonical.
REL-SRC-PRD-MODULE-TARGET-SYSTEM-GENERATION-DERIVES-FROM-SRC-PRD-P2-WALKING-SKELETON,SRC-PRD-MODULE-TARGET-SYSTEM-GENERATION,derives_from,SRC-PRD-P2-WALKING-SKELETON,PRDs/modules/Sys4AI_target_system_generation_prd.md,AJ24 draft module derives from the named source PRD and remains noncanonical.
REL-SRC-PRD-MODULE-OPERATIONS-MAINTENANCE-TO-PRD-DECOMP-STRATEGY,SRC-PRD-MODULE-OPERATIONS-MAINTENANCE,traces_to,SRC-PRD-DECOMPOSITION-STRATEGY,PRDs/modules/Sys4AI_operations_improvement_maintenance_prd.md,AJ24 draft module traces to the controlled decomposition strategy.
REL-SRC-PRD-MODULE-OPERATIONS-MAINTENANCE-DERIVES-FROM-SRC-PRD-P0,SRC-PRD-MODULE-OPERATIONS-MAINTENANCE,derives_from,SRC-PRD-P0,PRDs/modules/Sys4AI_operations_improvement_maintenance_prd.md,AJ24 draft module derives from the named source PRD and remains noncanonical.
REL-SRC-PRD-MODULE-OPERATIONS-MAINTENANCE-DERIVES-FROM-SRC-PRD-P1,SRC-PRD-MODULE-OPERATIONS-MAINTENANCE,derives_from,SRC-PRD-P1,PRDs/modules/Sys4AI_operations_improvement_maintenance_prd.md,AJ24 draft module derives from the named source PRD and remains noncanonical.
REL-SRC-PRD-MODULE-OPERATIONS-MAINTENANCE-DERIVES-FROM-SRC-PRD-P2-WALKING-SKELETON,SRC-PRD-MODULE-OPERATIONS-MAINTENANCE,derives_from,SRC-PRD-P2-WALKING-SKELETON,PRDs/modules/Sys4AI_operations_improvement_maintenance_prd.md,AJ24 draft module derives from the named source PRD and remains noncanonical.
REL-SRC-PRD-MODULE-INTERFACE-INTEGRATION-TO-PRD-DECOMP-STRATEGY,SRC-PRD-MODULE-INTERFACE-INTEGRATION,traces_to,SRC-PRD-DECOMPOSITION-STRATEGY,PRDs/modules/Sys4AI_interface_and_integration_prd.md,AJ24 draft module traces to the controlled decomposition strategy.
REL-SRC-PRD-MODULE-INTERFACE-INTEGRATION-DERIVES-FROM-SRC-PRD-P0,SRC-PRD-MODULE-INTERFACE-INTEGRATION,derives_from,SRC-PRD-P0,PRDs/modules/Sys4AI_interface_and_integration_prd.md,AJ24 draft module derives from the named source PRD and remains noncanonical.
REL-SRC-PRD-MODULE-INTERFACE-INTEGRATION-DERIVES-FROM-SRC-PRD-P1,SRC-PRD-MODULE-INTERFACE-INTEGRATION,derives_from,SRC-PRD-P1,PRDs/modules/Sys4AI_interface_and_integration_prd.md,AJ24 draft module derives from the named source PRD and remains noncanonical.
REL-SRC-PRD-MODULE-INTERFACE-INTEGRATION-DERIVES-FROM-SRC-PRD-P2-WALKING-SKELETON,SRC-PRD-MODULE-INTERFACE-INTEGRATION,derives_from,SRC-PRD-P2-WALKING-SKELETON,PRDs/modules/Sys4AI_interface_and_integration_prd.md,AJ24 draft module derives from the named source PRD and remains noncanonical.
REL-SRC-PRD-MODULE-SECURITY-SAFETY-ASSURANCE-TO-PRD-DECOMP-STRATEGY,SRC-PRD-MODULE-SECURITY-SAFETY-ASSURANCE,traces_to,SRC-PRD-DECOMPOSITION-STRATEGY,PRDs/modules/Sys4AI_security_safety_assurance_prd.md,AJ24 draft module traces to the controlled decomposition strategy.
REL-SRC-PRD-MODULE-SECURITY-SAFETY-ASSURANCE-DERIVES-FROM-SRC-PRD-P0,SRC-PRD-MODULE-SECURITY-SAFETY-ASSURANCE,derives_from,SRC-PRD-P0,PRDs/modules/Sys4AI_security_safety_assurance_prd.md,AJ24 draft module derives from the named source PRD and remains noncanonical.
REL-SRC-PRD-MODULE-SECURITY-SAFETY-ASSURANCE-DERIVES-FROM-SRC-PRD-P1,SRC-PRD-MODULE-SECURITY-SAFETY-ASSURANCE,derives_from,SRC-PRD-P1,PRDs/modules/Sys4AI_security_safety_assurance_prd.md,AJ24 draft module derives from the named source PRD and remains noncanonical.
REL-SRC-PRD-MODULE-SECURITY-SAFETY-ASSURANCE-DERIVES-FROM-SRC-PRD-P2-WALKING-SKELETON,SRC-PRD-MODULE-SECURITY-SAFETY-ASSURANCE,derives_from,SRC-PRD-P2-WALKING-SKELETON,PRDs/modules/Sys4AI_security_safety_assurance_prd.md,AJ24 draft module derives from the named source PRD and remains noncanonical.
REL-SRC-PRD-MODULE-DOMAIN-PACK-TO-PRD-DECOMP-STRATEGY,SRC-PRD-MODULE-DOMAIN-PACK,traces_to,SRC-PRD-DECOMPOSITION-STRATEGY,PRDs/modules/Sys4AI_domain_pack_prd.md,AJ24 draft module traces to the controlled decomposition strategy.
REL-SRC-PRD-MODULE-DOMAIN-PACK-DERIVES-FROM-SRC-PRD-P0,SRC-PRD-MODULE-DOMAIN-PACK,derives_from,SRC-PRD-P0,PRDs/modules/Sys4AI_domain_pack_prd.md,AJ24 draft module derives from the named source PRD and remains noncanonical.
REL-SRC-PRD-MODULE-DOMAIN-PACK-DERIVES-FROM-SRC-PRD-P1,SRC-PRD-MODULE-DOMAIN-PACK,derives_from,SRC-PRD-P1,PRDs/modules/Sys4AI_domain_pack_prd.md,AJ24 draft module derives from the named source PRD and remains noncanonical.
REL-SRC-PRD-MODULE-DOMAIN-PACK-DERIVES-FROM-SRC-PRD-P2-WALKING-SKELETON,SRC-PRD-MODULE-DOMAIN-PACK,derives_from,SRC-PRD-P2-WALKING-SKELETON,PRDs/modules/Sys4AI_domain_pack_prd.md,AJ24 draft module derives from the named source PRD and remains noncanonical.
REL-DDR-SUBPRD-PROMOTION-TRACES-HANDOFF,SRC-DDR-SUBPRD-PROMOTION-001,traces_to,SRC-HANDOFF-SUBPRD-DRAFTS-001,Sys4AI/control_records/director_decisions/DDR-SFADEV-25-SUBPRD-PROMOTION-001.yaml,WS25 decision follows the AJ24 handoff recommendation.
REL-DDR-SUBPRD-PROMOTION-AUTHORIZES-AJ,SRC-DDR-SUBPRD-PROMOTION-001,authorizes,SRC-AJ-SUBPRD-PROMOTION-001,Sys4AI/control_records/director_decisions/DDR-SFADEV-25-SUBPRD-PROMOTION-001.yaml,Director decision authorizes exactly one WS25 AgentJob.
REL-DDR-SUBPRD-PROMOTION-DECIDES-MODULES,SRC-DDR-SUBPRD-PROMOTION-001,decides,SRC-REG-PRD-MODULES,Sys4AI/control_records/director_decisions/DDR-SFADEV-25-SUBPRD-PROMOTION-001.yaml,Director decision records keep_as_derivative_draft routing for all module rows.
REL-PRD-README-TRACES-SUBPRD-PROMOTION,SRC-PRD-README,traces_to,SRC-DDR-SUBPRD-PROMOTION-001,PRDs/README.md,PRD authority index reflects the WS25 routing decision.
REL-AJ-SUBPRD-PROMOTION-CLOSES-AJ24-HANDOFF,SRC-AJ-SUBPRD-PROMOTION-001,closes,SRC-HANDOFF-SUBPRD-DRAFTS-001,Sys4AI/control_records/handoffs/HANDOFF-SFADEV-25-SUBPRD-PROMOTION-001.yaml,AJ25 closes the AJ24 promotion or routing recommendation.
REL-DDR-NEXT-SCOPE-ACCEPTANCE-TRACES-HANDOFF,SRC-DDR-NEXT-SCOPE-ACCEPTANCE-001,traces_to,SRC-HANDOFF-SUBPRD-PROMOTION-001,Sys4AI/control_records/director_decisions/DDR-SFADEV-26-NEXT-SCOPE-ACCEPTANCE-001.yaml,WS26 decision follows the AJ25 final acceptance recommendation.
REL-DDR-NEXT-SCOPE-ACCEPTANCE-AUTHORIZES-AJ,SRC-DDR-NEXT-SCOPE-ACCEPTANCE-001,authorizes,SRC-AJ-NEXT-SCOPE-ACCEPTANCE-001,Sys4AI/control_records/director_decisions/DDR-SFADEV-26-NEXT-SCOPE-ACCEPTANCE-001.yaml,Director decision authorizes exactly one WS26 AgentJob.
REL-NEXT-SCOPE-COMPLETION-REPORT-TRACES-PLAN,SRC-NEXT-SCOPE-COMPLETION-RECEIPT-001,traces_to,SRC-NEXT-SCOPE-FULL-IMPLEMENTATION-PLAN,implementation_plans/completion_receipts/CR-SFADEV-NEXT-SCOPE-IMPLEMENTED-001.md,Final acceptance report traces to the adopted next-scope plan.
REL-NEXT-SCOPE-COMPLETION-AUDIT-PROVES-REPORT,SRC-NEXT-SCOPE-COMPLETION-AUDIT-001,supports,SRC-NEXT-SCOPE-COMPLETION-RECEIPT-001,implementation_plans/completion_audits/PLAN-COMPLETION-AUDIT-SFADEV-26.md,Completion audit proves WS15 through WS26 acceptance evidence.
REL-AJ-NEXT-SCOPE-ACCEPTANCE-CLOSES-AJ25-HANDOFF,SRC-AJ-NEXT-SCOPE-ACCEPTANCE-001,closes,SRC-HANDOFF-SUBPRD-PROMOTION-001,Sys4AI/control_records/handoffs/HANDOFF-SFADEV-26-NEXT-SCOPE-ACCEPTANCE-001.yaml,AJ26 closes the AJ25 WS26 recommendation.
REL-RDR-STRATEGIC-BASELINE-DERIVES-PLAN,SRC-RDR-STRATEGIC-BASELINE-001,derives_from,SRC-STRATEGIC-BASELINE-MIGRATION-PLAN,Sys4AI/control_records/system_definition/strategic_baseline_migration_requirements_discovery_record.md,RDR derives candidate scope from the supplied analysis as bounded by the noncanonical strategic migration plan.
REL-RDR-STRATEGIC-BASELINE-DERIVES-WS00,SRC-RDR-STRATEGIC-BASELINE-001,derives_from,SRC-STRATEGIC-BASELINE-WS00-RECEIPT,Sys4AI/control_records/system_definition/strategic_baseline_migration_requirements_discovery_record.md,RDR uses controlled TX-00 runtime-retraction conflicts hashes warnings and validation evidence.
REL-RDR-STRATEGIC-BASELINE-TRACES-P0,SRC-RDR-STRATEGIC-BASELINE-001,traces_to,SRC-PRD-P0,Sys4AI/control_records/system_definition/strategic_baseline_migration_requirements_discovery_record.md,Candidate identity strategic-intent lifecycle and execution changes trace to the current canonical Phase 0 baseline without modifying it.
REL-RDR-STRATEGIC-BASELINE-TRACES-P1,SRC-RDR-STRATEGIC-BASELINE-001,traces_to,SRC-PRD-P1,Sys4AI/control_records/system_definition/strategic_baseline_migration_requirements_discovery_record.md,Candidate implementation obligations trace to the Phase 1 canonical draft without promoting them.
REL-RDR-STRATEGIC-BASELINE-TRACES-P2,SRC-RDR-STRATEGIC-BASELINE-001,traces_to,SRC-PRD-P2-WALKING-SKELETON,Sys4AI/control_records/system_definition/strategic_baseline_migration_requirements_discovery_record.md,Phase 2 addendum or successor candidates preserve the accepted Phase 2 source and remain decision-gated.
REL-RDR-STRATEGIC-BASELINE-UPSTREAM-DECISION,SRC-RDR-STRATEGIC-BASELINE-001,upstream_of,DDR-SFADEV-STRATEGIC-BASELINE-001,Sys4AI/control_records/system_definition/strategic_baseline_migration_requirements_discovery_record.md,RDR routes only to the WS-02 identity and execution-model authority decision; this relationship grants no approval and the accepted decision supplies separate accountable human authorization.
REL-DDR-STRATEGIC-BASELINE-DERIVES-RDR,SRC-DDR-STRATEGIC-BASELINE-001,derives_from,SRC-RDR-STRATEGIC-BASELINE-001,Sys4AI/control_records/director_decisions/DDR-SFADEV-STRATEGIC-BASELINE-001.yaml,Accepted decision uses the validated RDR as candidate evidence while supplying independent accountable human authorization.
REL-DDR-STRATEGIC-BASELINE-IMPLEMENTS-PLAN-GATE,SRC-DDR-STRATEGIC-BASELINE-001,implements_gate,SRC-STRATEGIC-BASELINE-MIGRATION-PLAN,Sys4AI/control_records/director_decisions/DDR-SFADEV-STRATEGIC-BASELINE-001.yaml,Decision accepts G-02 and authorizes later bounded transactions without completing or waiving their entry gates.
REL-DDR-STRATEGIC-BASELINE-TRACES-WS00,SRC-DDR-STRATEGIC-BASELINE-001,supported_by,SRC-STRATEGIC-BASELINE-WS00-RECEIPT,Sys4AI/control_records/director_decisions/DDR-SFADEV-STRATEGIC-BASELINE-001.yaml,TX-00 supplies capability retraction PRD conflict trace gap validation and historical-boundary evidence.
REL-DDR-STRATEGIC-BASELINE-CONSTRAINS-SELFHOST,SRC-DDR-STRATEGIC-BASELINE-001,scoped_supersedes,SRC-SELFHOST-BOUNDARY-DECISION,Sys4AI/control_records/director_decisions/DDR-SFADEV-STRATEGIC-BASELINE-001.yaml,Preserves layer memory derivative and history rules while superseding the active one-AgentJob-per-/continue execution rule.
REL-DDR-STRATEGIC-BASELINE-SUPERSEDES-SELFHOST-DDR,SRC-DDR-STRATEGIC-BASELINE-001,scoped_supersedes,SRC-DDR-SELFHOST-001,Sys4AI/control_records/director_decisions/DDR-SFADEV-STRATEGIC-BASELINE-001.yaml,Completed Phase 1 self-hosting decision remains historical evidence but its continue-kernel route has no current operational authority.
REL-DDR-STRATEGIC-BASELINE-PRESERVES-PHASE2,SRC-DDR-STRATEGIC-BASELINE-001,preserves,SRC-PRD-P2-WALKING-SKELETON,Sys4AI/control_records/director_decisions/DDR-SFADEV-STRATEGIC-BASELINE-001.yaml,Accepted Phase 2 remains unchanged and the selected controlled addendum carries the later migration delta.
REL-DDR-STRATEGIC-BASELINE-AUTHORIZES-P0-MIGRATION,SRC-DDR-STRATEGIC-BASELINE-001,authorizes_later_migration_of,SRC-PRD-P0,Sys4AI/control_records/director_decisions/DDR-SFADEV-STRATEGIC-BASELINE-001.yaml,Phase 0 identity migration may proceed only in its later bounded transaction and does not inherit automatic approval of vision values or candidate requirements.
REL-DDR-STRATEGIC-BASELINE-AUTHORIZES-P1-MIGRATION,SRC-DDR-STRATEGIC-BASELINE-001,authorizes_later_migration_of,SRC-PRD-P1,Sys4AI/control_records/director_decisions/DDR-SFADEV-STRATEGIC-BASELINE-001.yaml,Phase 1 implementation-initialization migration is authorized in principle subject to G-03 and G-04 entry gates and separate acceptance evidence.
REL-DDR-STRATEGIC-G03-DERIVES-G02,SRC-DDR-STRATEGIC-BASELINE-G03-001,derives_from,SRC-DDR-STRATEGIC-BASELINE-001,Sys4AI/control_records/director_decisions/DDR-SFADEV-STRATEGIC-BASELINE-G03-001.yaml,G-03 disposition preserves the accepted G-02 identity and execution route without expanding its authority.
REL-DDR-STRATEGIC-G03-IMPLEMENTS-PLAN-GATE,SRC-DDR-STRATEGIC-BASELINE-G03-001,implements_gate,SRC-STRATEGIC-BASELINE-MIGRATION-PLAN,Sys4AI/control_records/director_decisions/DDR-SFADEV-STRATEGIC-BASELINE-G03-001.yaml,Decision accepts G-03 for implementation while explicitly preserving G-08 as the separate strategic-content approval gate.
REL-DDR-STRATEGIC-G03-ACCEPTS-P0,SRC-DDR-STRATEGIC-BASELINE-G03-001,accepts_for_implementation,SRC-PRD-P0,Sys4AI/control_records/director_decisions/DDR-SFADEV-STRATEGIC-BASELINE-G03-001.yaml,Reviewed Phase 0 lifecycle and pattern requirements become active while vision and values remain candidate content pending G-08.
REL-DDR-STRATEGIC-G03-AUTHORIZES-P1,SRC-DDR-STRATEGIC-BASELINE-G03-001,authorizes_later_migration_of,SRC-PRD-P1,Sys4AI/control_records/director_decisions/DDR-SFADEV-STRATEGIC-BASELINE-G03-001.yaml,TX-06 may initialize exact Phase 1 requirements and trace mappings without creating G-04-blocked contracts or claiming runtime completion.
REL-PRD-P1-IMPLEMENTS-G03,SRC-PRD-P1,implements_authorized_baseline_from,SRC-DDR-STRATEGIC-BASELINE-G03-001,PRDs/Sys4AI_phase-1_implementation_initialization_prd.md,TX-06 initializes implementation obligations from the accepted Phase 0 normative baseline while G-08 strategic approval remains open.
REL-PRD-P1-IMPLEMENTS-TX06,SRC-PRD-P1,implements_transaction_from,SRC-STRATEGIC-BASELINE-MIGRATION-PLAN,PRDs/Sys4AI_phase-1_implementation_initialization_prd.md,Phase 1 defines the exact TX-06 requirement families and stale-acceptance migration without creating later contracts or runtime surfaces.
REL-DDR-STRATEGIC-G04-DERIVES-G03,SRC-DDR-STRATEGIC-BASELINE-G04-001,derives_from,SRC-DDR-STRATEGIC-BASELINE-G03-001,Sys4AI/control_records/director_decisions/DDR-SFADEV-STRATEGIC-BASELINE-G04-001.yaml,G-04 preserves the accepted G-03 implementation baseline and the separate open G-08 approval gate.
REL-DDR-STRATEGIC-G04-IMPLEMENTS-PLAN-GATE,SRC-DDR-STRATEGIC-BASELINE-G04-001,implements_gate,SRC-STRATEGIC-BASELINE-MIGRATION-PLAN,Sys4AI/control_records/director_decisions/DDR-SFADEV-STRATEGIC-BASELINE-G04-001.yaml,Decision accepts G-04 with exact producer consumer section schema approval failure and validator contracts.
REL-DDR-STRATEGIC-G04-AUTHORIZES-TX07,SRC-DDR-STRATEGIC-BASELINE-G04-001,authorizes_later_migration_of,SRC-PRD-P1,Sys4AI/control_records/director_decisions/DDR-SFADEV-STRATEGIC-BASELINE-G04-001.yaml,TX-07 may implement the approved strategic-intent contract surfaces without executing TX-08 or TX-13.
REL-TARGET-VISION-TEMPLATE-CONFORMS-SCHEMA,SRC-TEMPLATE-TARGET-VISION,conforms_to,SRC-SCHEMA-TARGET-VISION,Sys4AI/templates/governance/target-vision-statement-template.md,Template binds candidate metadata required headings approval waiver impact hash and supersession behavior.
REL-TARGET-VALUES-TEMPLATE-CONFORMS-SCHEMA,SRC-TEMPLATE-TARGET-CORE-VALUES,conforms_to,SRC-SCHEMA-TARGET-CORE-VALUES,Sys4AI/templates/governance/target-core-values-template.md,Template binds stable value candidates behaviors tests conflicts approval waiver impact hash and supersession behavior.
REL-TARGET-VISION-SCHEMA-USES-COMMON,SRC-SCHEMA-TARGET-VISION,uses,SRC-SCHEMA-STRATEGIC-INTENT-COMMON,Sys4AI/schemas/contracts/target_vision_statement.schema.json,Vision metadata reuses shared fail-closed approval waiver impact and supersession definitions.
REL-TARGET-VALUES-SCHEMA-USES-COMMON,SRC-SCHEMA-TARGET-CORE-VALUES,uses,SRC-SCHEMA-STRATEGIC-INTENT-COMMON,Sys4AI/schemas/contracts/target_core_values.schema.json,Core-values metadata reuses shared fail-closed approval waiver impact and supersession definitions.
REL-STRATEGIC-EXAMPLES-CONFORM-VISION,SRC-EXAMPLE-STRATEGIC-INTENT,demonstrates,SRC-TEMPLATE-TARGET-VISION,Sys4AI/examples/strategic_intent/README.md,Greenfield and brownfield vision examples demonstrate approved and blocked states without becoming authority.
REL-STRATEGIC-EXAMPLES-CONFORM-VALUES,SRC-EXAMPLE-STRATEGIC-INTENT,demonstrates,SRC-TEMPLATE-TARGET-CORE-VALUES,Sys4AI/examples/strategic_intent/README.md,Examples include value conflicts and rejected candidates in approved and unapproved flows.
REL-RDR-TEMPLATE-ELICITS-TARGET-VISION,SRC-TEMPLATE-RDR,elicits_candidate_for,SRC-TEMPLATE-TARGET-VISION,Sys4AI/templates/system_definition/requirements-discovery-record-template.md,RDR preserves source inference missing-stakeholder approval and candidate ID state before a separate target vision artifact.
REL-RDR-TEMPLATE-ELICITS-TARGET-VALUES,SRC-TEMPLATE-RDR,elicits_candidate_for,SRC-TEMPLATE-TARGET-CORE-VALUES,Sys4AI/templates/system_definition/requirements-discovery-record-template.md,RDR preserves value anti-value conflict approval waiver and review candidates before a separate target values artifact.
REL-DDR-G04-AUTHORIZES-TARGET-VISION,SRC-DDR-STRATEGIC-BASELINE-G04-001,authorizes,SRC-TEMPLATE-TARGET-VISION,Sys4AI/control_records/director_decisions/DDR-SFADEV-STRATEGIC-BASELINE-G04-001.yaml,G-04 binds the exact producer consumer section schema approval failure and validator contract.
REL-DDR-G04-AUTHORIZES-TARGET-VALUES,SRC-DDR-STRATEGIC-BASELINE-G04-001,authorizes,SRC-TEMPLATE-TARGET-CORE-VALUES,Sys4AI/control_records/director_decisions/DDR-SFADEV-STRATEGIC-BASELINE-G04-001.yaml,G-04 binds the exact producer consumer section schema approval failure and validator contract.
REL-TX07-RECEIPT-TRACES-PLAN,SRC-STRATEGIC-BASELINE-TX07-RECEIPT,implements_transaction_from,SRC-STRATEGIC-BASELINE-MIGRATION-PLAN,implementation_plans/completion_receipts/CR-SFADEV-STRATEGIC-BASELINE-TX07-001.md,Completion evidence closes TX-07 and hands off to the next bounded transaction in plan order.
REL-TX07-RECEIPT-TRACES-G04,SRC-STRATEGIC-BASELINE-TX07-RECEIPT,supported_by,SRC-DDR-STRATEGIC-BASELINE-G04-001,implementation_plans/completion_receipts/CR-SFADEV-STRATEGIC-BASELINE-TX07-001.md,G-04 supplies the human-authorized producer consumer section schema approval failure and validator disposition.
REL-TX07-RECEIPT-CLOSES-VISION,SRC-STRATEGIC-BASELINE-TX07-RECEIPT,validates,SRC-TEMPLATE-TARGET-VISION,implementation_plans/completion_receipts/CR-SFADEV-STRATEGIC-BASELINE-TX07-001.md,Receipt records positive negative heading hash registry trace and derivative validation for the target vision contract.
REL-TX07-RECEIPT-CLOSES-VALUES,SRC-STRATEGIC-BASELINE-TX07-RECEIPT,validates,SRC-TEMPLATE-TARGET-CORE-VALUES,implementation_plans/completion_receipts/CR-SFADEV-STRATEGIC-BASELINE-TX07-001.md,Receipt records positive negative heading hash registry trace and derivative validation for the target core-values contract.
REL-DDR-G04-AUTHORIZES-CODEX-HOST-PROFILE,SRC-DDR-STRATEGIC-BASELINE-G04-001,authorizes,SRC-HOST-PROFILE-CODEX-APP-REFERENCE,Sys4AI/control_records/director_decisions/DDR-SFADEV-STRATEGIC-BASELINE-G04-001.yaml,G-04 authorizes the bounded profile and interface-contract implementation while G-07 observable host verification remains open.
REL-CODEX-HOST-PROFILE-CONFORMS-SCHEMA,SRC-HOST-PROFILE-CODEX-APP-REFERENCE,conforms_to,SRC-SCHEMA-HOST-CAPABILITY-PROFILE,Sys4AI/configs/host_profiles/codex_app_reference.toml,The profile binds exact metadata permission precedence eight interface states evidence and fail-closed behavior to the registered schema.
REL-CODEX-HOST-DOC-DEFINES-PROFILE,SRC-DOC-CODEX-HOST-INTEGRATION-PROFILE,defines_interface_contract_for,SRC-HOST-PROFILE-CODEX-APP-REFERENCE,Sys4AI/docs/codex_host_integration_profile.md,Controlled narrative defines interface directions trust boundaries owners permissions degraded behavior and the G-07 promotion boundary.
REL-CODEX-HOST-PROFILE-PRESERVES-G02,SRC-HOST-PROFILE-CODEX-APP-REFERENCE,constrained_by,SRC-DDR-STRATEGIC-BASELINE-001,Sys4AI/configs/host_profiles/codex_app_reference.toml,Codex-specific mechanics remain isolated in the reference profile and do not enter portable execution field names.
REL-HOST-PROFILE-VALIDATOR-VALIDATES-PROFILE,SRC-VALIDATOR-HOST-PROFILES,validates,SRC-HOST-PROFILE-CODEX-APP-REFERENCE,Sys4AI/sys_for_ai/host_profiles.py,Validator proves profile structure evidence freshness interface invariants and registered G-07 decision bindings; the TX-22 report independently records observable behavior.
REL-HOST-PROFILE-VALIDATOR-USES-SCHEMA,SRC-VALIDATOR-HOST-PROFILES,uses,SRC-SCHEMA-HOST-CAPABILITY-PROFILE,Sys4AI/sys_for_ai/host_profiles.py,Focused semantics extend the registered JSON Schema with exact interface uniqueness freshness precedence and pending-gate checks.
REL-HOST-PROFILE-TESTS-VERIFY-VALIDATOR,SRC-TEST-HOST-PROFILES,verifies,SRC-VALIDATOR-HOST-PROFILES,Sys4AI/tests/test_host_profiles.py,Positive and mandatory negative cases verify structural acceptance and rejection without simulating observable host verification.
REL-TX08-RECEIPT-TRACES-PLAN,SRC-STRATEGIC-BASELINE-TX08-RECEIPT,implements_transaction_from,SRC-STRATEGIC-BASELINE-MIGRATION-PLAN,implementation_plans/completion_receipts/CR-SFADEV-STRATEGIC-BASELINE-TX08-001.md,Completion evidence closes TX-08 and preserves the next bounded transaction order and separate G-07 gate.
REL-TX08-RECEIPT-TRACES-G04,SRC-STRATEGIC-BASELINE-TX08-RECEIPT,supported_by,SRC-DDR-STRATEGIC-BASELINE-G04-001,implementation_plans/completion_receipts/CR-SFADEV-STRATEGIC-BASELINE-TX08-001.md,G-04 supplies the exact human-authorized profile fields interfaces states roles precedence and failure behavior.
REL-TX08-RECEIPT-VALIDATES-HOST-PROFILE,SRC-STRATEGIC-BASELINE-TX08-RECEIPT,validates,SRC-HOST-PROFILE-CODEX-APP-REFERENCE,implementation_plans/completion_receipts/CR-SFADEV-STRATEGIC-BASELINE-TX08-001.md,Receipt records schema focused negative registry derivative and regression evidence while explicitly leaving every host capability unverified pending G-07.
REL-DDR-G02-AUTHORIZES-EXECUTION-CONTRACT,SRC-DDR-STRATEGIC-BASELINE-001,authorizes,SRC-SCHEMA-EXECUTION-TRANSACTION,Sys4AI/control_records/director_decisions/DDR-SFADEV-STRATEGIC-BASELINE-001.yaml,G-02 selects harness-neutral bounded execution with independent actor permission state evidence cancellation escalation rollback and supersession semantics.
REL-EXECUTION-TEMPLATE-CONFORMS-SCHEMA,SRC-TEMPLATE-EXECUTION-TRANSACTION,conforms_to,SRC-SCHEMA-EXECUTION-TRANSACTION,Sys4AI/templates/project/execution-transaction-template.yaml,The controlled template is a structurally valid proposed transaction that remains non-executable without later evidence.
REL-EXECUTION-TESTS-VERIFY-SCHEMA,SRC-TEST-EXECUTION-TRANSACTION,verifies,SRC-SCHEMA-EXECUTION-TRANSACTION,Sys4AI/tests/test_execution_transactions.py,Positive and mandatory negative cases verify required fields identity permission time data delegation exact states and fail-closed activation closeout cancellation and supersession behavior.
REL-EXECUTION-SCHEMA-IMPLEMENTS-P1,SRC-SCHEMA-EXECUTION-TRANSACTION,implements_requirements_from,SRC-PRD-P1,Sys4AI/schemas/contracts/execution_transaction.schema.json,Contract implements SFA-P1-INIT-EXEC-001 and SFA-P1-INIT-EXEC-002 without restoring retired runtime surfaces.
REL-HOST-PROFILE-BINDS-EXECUTION-CONTRACT,SRC-HOST-PROFILE-CODEX-APP-REFERENCE,binds_contract_version,SRC-SCHEMA-EXECUTION-TRANSACTION,Sys4AI/configs/host_profiles/codex_app_reference.toml,Profile binds version 1.0.0 and permits only current verified-available interfaces inside separately authorized transactions; conditional and unavailable states remain non-executable.
REL-TX09-RECEIPT-TRACES-PLAN,SRC-STRATEGIC-BASELINE-TX09-RECEIPT,implements_transaction_from,SRC-STRATEGIC-BASELINE-MIGRATION-PLAN,implementation_plans/completion_receipts/CR-SFADEV-STRATEGIC-BASELINE-TX09-001.md,Completion evidence closes TX-09 and satisfies the G-05 entry condition while TX-10 remains blocked until that safety gate is accepted.
REL-TX09-RECEIPT-TRACES-G02,SRC-STRATEGIC-BASELINE-TX09-RECEIPT,supported_by,SRC-DDR-STRATEGIC-BASELINE-001,implementation_plans/completion_receipts/CR-SFADEV-STRATEGIC-BASELINE-TX09-001.md,G-02 supplies the human-authorized harness-neutral execution route and no-restoration boundary.
REL-TX09-RECEIPT-VALIDATES-EXECUTION-CONTRACT,SRC-STRATEGIC-BASELINE-TX09-RECEIPT,validates,SRC-SCHEMA-EXECUTION-TRANSACTION,implementation_plans/completion_receipts/CR-SFADEV-STRATEGIC-BASELINE-TX09-001.md,Receipt records schema template positive negative registry derivative and regression evidence without claiming runtime or host execution.
REL-DDR-G05-IMPLEMENTS-PLAN-GATE,SRC-DDR-STRATEGIC-BASELINE-G05-001,implements_gate,SRC-STRATEGIC-BASELINE-MIGRATION-PLAN,Sys4AI/control_records/director_decisions/DDR-SFADEV-STRATEGIC-BASELINE-G05-001.yaml,G-05 classifies retired references and requires the fail-closed boundary scanner before TX-10.
REL-DDR-G05-DERIVES-G02,SRC-DDR-STRATEGIC-BASELINE-G05-001,derives_from,SRC-DDR-STRATEGIC-BASELINE-001,Sys4AI/control_records/director_decisions/DDR-SFADEV-STRATEGIC-BASELINE-G05-001.yaml,G-05 preserves the harness-neutral route and prohibits implicit runtime restoration.
REL-DDR-G05-USES-TX09,SRC-DDR-STRATEGIC-BASELINE-G05-001,supported_by,SRC-STRATEGIC-BASELINE-TX09-RECEIPT,Sys4AI/control_records/director_decisions/DDR-SFADEV-STRATEGIC-BASELINE-G05-001.yaml,TX-09 supplies the portable execution contract required for G-05 entry.
REL-DDR-G05-AUTHORIZES-TX10,SRC-DDR-STRATEGIC-BASELINE-G05-001,authorizes_later_migration_of,SRC-PRD-P0,Sys4AI/control_records/director_decisions/DDR-SFADEV-STRATEGIC-BASELINE-G05-001.yaml,TX-10 becomes eligible after G-05 validation but does not begin in the disposition.
REL-CAPABILITY-MANIFEST-CONFORMS-SCHEMA,SRC-CONFIG-CAPABILITY-MIGRATION,conforms_to,SRC-SCHEMA-CAPABILITY-MIGRATION,Sys4AI/configs/capability_migration.toml,Manifest binds controlled classes transaction assignments modes exclusions and fingerprints to the registered schema.
REL-CAPABILITY-VALIDATOR-VALIDATES-MANIFEST,SRC-VALIDATOR-CAPABILITY-MIGRATION,validates,SRC-CONFIG-CAPABILITY-MIGRATION,Sys4AI/sys_for_ai/capability_migration.py,Scanner rejects unclassified drift fingerprint changes disallowed modes and restored removed paths.
REL-CAPABILITY-TESTS-VERIFY-VALIDATOR,SRC-TEST-CAPABILITY-MIGRATION,verifies,SRC-VALIDATOR-CAPABILITY-MIGRATION,Sys4AI/tests/test_capability_migration.py,Tests cover the accepted baseline unclassified drift fingerprint drift restored paths and post-TX-10 stale failure.
REL-TX10-CONFORMS-EXECUTION-SCHEMA,SRC-TX10-EXECUTION-TRANSACTION,conforms_to,SRC-SCHEMA-EXECUTION-TRANSACTION,Sys4AI/control_records/execution_transactions/TX-10-ACTIVE-SURFACE-MIGRATION.yaml,TX-10 uses the approved portable bounded execution contract.
REL-TX10-MEMORY-SUPPORTS-EXECUTION,SRC-MEMPREFLIGHT-STRATEGIC-BASELINE-TX10,supports,SRC-TX10-EXECUTION-TRANSACTION,Sys4AI/control_records/memory_preflights/MEMPREFLIGHT-TX-10-ACTIVE-SURFACE-MIGRATION-20260710T135843Z.yaml,Memory evidence supported routing but supplied no authority.
REL-TX10-COMPLETION-CLOSES-EXECUTION,SRC-COMPLETION-STRATEGIC-BASELINE-TX10,closes,SRC-TX10-EXECUTION-TRANSACTION,Sys4AI/control_records/completions/RECEIPT-SFADEV-STRATEGIC-BASELINE-TX10-001.yaml,Machine-readable closeout binds validation and next recommendation.
REL-TX10-HANDOFF-FOLLOWS-COMPLETION,SRC-HANDOFF-STRATEGIC-BASELINE-TX10,follows,SRC-COMPLETION-STRATEGIC-BASELINE-TX10,Sys4AI/control_records/handoffs/HANDOFF-SFADEV-STRATEGIC-BASELINE-TX10-001.yaml,Portable handoff routes only to the trace schema dependency.
REL-TX10-RECEIPT-DESCRIBES-COMPLETION,SRC-STRATEGIC-BASELINE-TX10-RECEIPT,describes,SRC-COMPLETION-STRATEGIC-BASELINE-TX10,implementation_plans/completion_receipts/CR-SFADEV-STRATEGIC-BASELINE-TX10-001.md,Human-readable receipt mirrors the registered machine closeout.
REL-TX10-TESTS-VERIFY-MANIFEST,SRC-TEST-ACTIVE-SURFACE-MIGRATION,verifies,SRC-CONFIG-CAPABILITY-MIGRATION,Sys4AI/tests/test_active_surface_migration.py,Regression tests require post-migration mode and zero unresolved active-surface references.
REL-TRACE-SCHEMA-IMPLEMENTS-P1,SRC-CONTRACT-REQUIREMENT-TRACE-ROW,implements_requirements_from,SRC-PRD-P1,Sys4AI/schemas/contracts/requirement_trace_registry_row.schema.json,Generalized 2.0.0 states implement SFA-P1-INIT-STATUS-001 STATUS-002 EVID-001 and EVID-002 structurally without claiming semantic review.
REL-TRACE-MIGRATION-PROFILE-DEFINES-SCHEMA,SRC-TRACE-SCHEMA-MIGRATION-PROFILE,defines_migration_for,SRC-CONTRACT-REQUIREMENT-TRACE-ROW,Sys4AI/docs/requirement_trace_schema_v2_migration.md,Controlled profile records TX-11 provisional mapping and completed TX-12 reviewed migration rollback and counts.
REL-TRACE-MIGRATION-VALIDATOR-USES-SCHEMA,SRC-VALIDATOR-TRACE-MIGRATION,uses,SRC-CONTRACT-REQUIREMENT-TRACE-ROW,Sys4AI/sys_for_ai/trace_migration.py,Migration support validates dry-run and live generalized rows against the registered schema.
REL-TRACE-MIGRATION-VALIDATOR-READS-REGISTRY,SRC-VALIDATOR-TRACE-MIGRATION,validates_and_migrates,SRC-REG-REQ-TRACE,Sys4AI/sys_for_ai/trace_migration.py,Atomic writer consumes the exact TX-11 digest and live validation reconstructs the protected 214-row subset while admitting reviewed additive requirements.
REL-TRACE-MIGRATION-TESTS-VERIFY-VALIDATOR,SRC-TEST-TRACE-SCHEMA-MIGRATION,verifies,SRC-VALIDATOR-TRACE-MIGRATION,Sys4AI/tests/test_trace_schema_migration.py,Focused tests cover schema invariants atomic writing exact rollback stable counts review accountability retired-runtime isolation duplicates and header drift.
REL-TX11-CONFORMS-EXECUTION-SCHEMA,SRC-TX11-EXECUTION-TRANSACTION,conforms_to,SRC-SCHEMA-EXECUTION-TRANSACTION,Sys4AI/control_records/execution_transactions/TX-11-TRACE-SCHEMA.yaml,TX-11 uses the portable bounded execution contract and explicitly prohibits TX-12 data writes.
REL-TX10-HANDOFF-SUPPORTS-TX11,SRC-HANDOFF-STRATEGIC-BASELINE-TX10,supports,SRC-TX11-EXECUTION-TRANSACTION,Sys4AI/control_records/handoffs/HANDOFF-SFADEV-STRATEGIC-BASELINE-TX10-001.yaml,Consumed TX-10 handoff routes only to the dependency-ready trace schema transaction.
REL-TX11-MEMORY-SUPPORTS-EXECUTION,SRC-MEMPREFLIGHT-STRATEGIC-BASELINE-TX11,supports,SRC-TX11-EXECUTION-TRANSACTION,Sys4AI/control_records/memory_preflights/MEMPREFLIGHT-TX-11-TRACE-SCHEMA-20260710T142714Z.yaml,Memory evidence supported source routing but supplied no authority or semantic trace verdict.
REL-TX11-COMPLETION-CLOSES-EXECUTION,SRC-COMPLETION-STRATEGIC-BASELINE-TX11,closes,SRC-TX11-EXECUTION-TRANSACTION,Sys4AI/control_records/completions/RECEIPT-SFADEV-STRATEGIC-BASELINE-TX11-001.yaml,Machine-readable closeout binds schema dry-run parity validation and next recommendation.
REL-TX11-HANDOFF-FOLLOWS-COMPLETION,SRC-HANDOFF-STRATEGIC-BASELINE-TX11,follows,SRC-COMPLETION-STRATEGIC-BASELINE-TX11,Sys4AI/control_records/handoffs/HANDOFF-SFADEV-STRATEGIC-BASELINE-TX11-001.yaml,Portable handoff routes only to TX-12 data migration and semantic review.
REL-TX11-RECEIPT-DESCRIBES-COMPLETION,SRC-STRATEGIC-BASELINE-TX11-RECEIPT,describes,SRC-COMPLETION-STRATEGIC-BASELINE-TX11,implementation_plans/completion_receipts/CR-SFADEV-STRATEGIC-BASELINE-TX11-001.md,Human-readable receipt records exact 214-row parity unchanged hash and the TX-12-only boundary.
REL-TX11-RECEIPT-TRACES-PLAN,SRC-STRATEGIC-BASELINE-TX11-RECEIPT,implements_transaction_from,SRC-STRATEGIC-BASELINE-MIGRATION-PLAN,implementation_plans/completion_receipts/CR-SFADEV-STRATEGIC-BASELINE-TX11-001.md,Completion evidence closes TX-11 without beginning TX-12 or claiming TX-13 semantics.
REL-TX11-RECEIPT-VALIDATES-SCHEMA,SRC-STRATEGIC-BASELINE-TX11-RECEIPT,validates,SRC-CONTRACT-REQUIREMENT-TRACE-ROW,implementation_plans/completion_receipts/CR-SFADEV-STRATEGIC-BASELINE-TX11-001.md,Receipt records schema focused tests dry-run reverse mapping and unchanged-source evidence.
REL-TX12-CONFORMS-EXECUTION-SCHEMA,SRC-TX12-EXECUTION-TRANSACTION,conforms_to,SRC-SCHEMA-EXECUTION-TRANSACTION,Sys4AI/control_records/execution_transactions/TX-12-TRACE-DATA.yaml,TX-12 uses the portable bounded execution contract and explicitly stops before TX-13.
REL-TX11-HANDOFF-SUPPORTS-TX12,SRC-HANDOFF-STRATEGIC-BASELINE-TX11,supports,SRC-TX12-EXECUTION-TRANSACTION,Sys4AI/control_records/handoffs/HANDOFF-SFADEV-STRATEGIC-BASELINE-TX11-001.yaml,Consumed TX-11 handoff authorizes only the dependency-ready trace data migration.
REL-TX12-MEMORY-SUPPORTS-EXECUTION,SRC-MEMPREFLIGHT-STRATEGIC-BASELINE-TX12,supports,SRC-TX12-EXECUTION-TRANSACTION,Sys4AI/control_records/memory_preflights/MEMPREFLIGHT-TX-12-TRACE-DATA-20260710T145240Z.yaml,Memory supported navigation while canonical sources and registries decided classifications and authority.
REL-TX12-REVIEW-REVIEWS-REGISTRY,SRC-TRACE-SEMANTIC-REVIEW-TX12,reviews,SRC-REG-REQ-TRACE,Sys4AI/docs/requirement_trace_semantic_review_tx12.md,Controlled report records all 214 accountable dispositions counts gaps retired-runtime handling and rollback evidence.
REL-TX12-REGISTRY-CONFORMS-SCHEMA,SRC-REG-REQ-TRACE,conforms_to,SRC-CONTRACT-REQUIREMENT-TRACE-ROW,Sys4AI/registries/requirement_trace_registry.csv,All live rows use the generalized 2.0.0 shape and preserve exact legacy compatibility fields.
REL-TX12-COMPLETION-CLOSES-EXECUTION,SRC-COMPLETION-STRATEGIC-BASELINE-TX12,closes,SRC-TX12-EXECUTION-TRANSACTION,Sys4AI/control_records/completions/RECEIPT-SFADEV-STRATEGIC-BASELINE-TX12-001.yaml,Machine-readable closeout binds count ID rollback semantic-review validation and next recommendation.
REL-TX12-HANDOFF-FOLLOWS-COMPLETION,SRC-HANDOFF-STRATEGIC-BASELINE-TX12,follows,SRC-COMPLETION-STRATEGIC-BASELINE-TX12,Sys4AI/control_records/handoffs/HANDOFF-SFADEV-STRATEGIC-BASELINE-TX12-001.yaml,Portable handoff routes only to TX-13 broader validators.
REL-TX12-RECEIPT-DESCRIBES-COMPLETION,SRC-STRATEGIC-BASELINE-TX12-RECEIPT,describes,SRC-COMPLETION-STRATEGIC-BASELINE-TX12,implementation_plans/completion_receipts/CR-SFADEV-STRATEGIC-BASELINE-TX12-001.md,Human-readable receipt records reviewed counts exact rollback explicit gaps and the TX-13-only boundary.
REL-TX12-RECEIPT-TRACES-PLAN,SRC-STRATEGIC-BASELINE-TX12-RECEIPT,implements_transaction_from,SRC-STRATEGIC-BASELINE-MIGRATION-PLAN,implementation_plans/completion_receipts/CR-SFADEV-STRATEGIC-BASELINE-TX12-001.md,Completion evidence closes TX-12 without beginning TX-13 or later work.
REL-TX13-STRATEGIC-VALIDATOR-VALIDATES-TEMPLATES,SRC-VALIDATOR-STRATEGIC-INTENT,validates,SRC-TEMPLATE-TARGET-VISION,Sys4AI/sys_for_ai/strategic_intent.py,Focused validator checks both target vision and core-values contracts approval evidence hashes and authority boundaries.
REL-TX13-PRD-VALIDATOR-VALIDATES-P0,SRC-VALIDATOR-PRD-SEMANTICS,validates,SRC-PRD-P0,Sys4AI/sys_for_ai/prd_semantics.py,Focused validator checks composite identity lifecycle pattern execution and retired-reference classification semantics.
REL-TX13-LIFECYCLE-VALIDATOR-VALIDATES-P0,SRC-VALIDATOR-LIFECYCLE-PATTERNS,validates,SRC-PRD-P0,Sys4AI/sys_for_ai/lifecycle_patterns.py,Focused validator checks eight complete stage contracts transition gates independent patterns maturity and production evidence.
REL-TX13-TRACE-VALIDATOR-VALIDATES-REGISTRY,SRC-VALIDATOR-TRACE-SEMANTICS,validates,SRC-REG-REQ-TRACE,Sys4AI/sys_for_ai/trace_validation.py,Focused validator checks paths profiles state freshness generated authority and exact TX-12 gaps without writing trace data.
REL-TX13-TRACE-VALIDATOR-USES-POLICY,SRC-VALIDATOR-TRACE-SEMANTICS,uses,SRC-CONFIG-CAPABILITY-MIGRATION,Sys4AI/configs/capability_migration.toml,Controlled policy preserves seven needs-evidence and 200 planned states and sets deterministic freshness limits.
REL-TX13-TESTS-VERIFY-VALIDATORS,SRC-TEST-TRACE-SEMANTICS,verifies,SRC-VALIDATOR-TRACE-SEMANTICS,Sys4AI/tests/test_trace_semantics.py,Focused positive and negative tests cover all five TX-12 handoff obligations and gap-count drift.
REL-TX13-CONFORMS-EXECUTION-SCHEMA,SRC-TX13-EXECUTION-TRANSACTION,conforms_to,SRC-SCHEMA-EXECUTION-TRANSACTION,Sys4AI/control_records/execution_transactions/TX-13-VALIDATORS.yaml,TX-13 uses the portable bounded execution contract and explicitly stops before TX-14.
REL-TX12-HANDOFF-SUPPORTS-TX13,SRC-HANDOFF-STRATEGIC-BASELINE-TX12,supports,SRC-TX13-EXECUTION-TRANSACTION,Sys4AI/control_records/handoffs/HANDOFF-SFADEV-STRATEGIC-BASELINE-TX12-001.yaml,Consumed TX-12 handoff authorizes only the dependency-ready validator transaction.
REL-TX13-MEMORY-SUPPORTS-EXECUTION,SRC-MEMPREFLIGHT-STRATEGIC-BASELINE-TX13,supports,SRC-TX13-EXECUTION-TRANSACTION,Sys4AI/control_records/memory_preflights/MEMPREFLIGHT-TX-13-VALIDATORS-20260710T151414Z.yaml,Memory supported navigation while registered sources and live files decided validator requirements and authority.
REL-TX13-COMPLETION-CLOSES-EXECUTION,SRC-COMPLETION-STRATEGIC-BASELINE-TX13,closes,SRC-TX13-EXECUTION-TRANSACTION,Sys4AI/control_records/completions/RECEIPT-SFADEV-STRATEGIC-BASELINE-TX13-001.yaml,Machine-readable closeout binds focused tests aggregate validation unchanged trace data and next recommendation.
REL-TX13-HANDOFF-FOLLOWS-COMPLETION,SRC-HANDOFF-STRATEGIC-BASELINE-TX13,follows,SRC-COMPLETION-STRATEGIC-BASELINE-TX13,Sys4AI/control_records/handoffs/HANDOFF-SFADEV-STRATEGIC-BASELINE-TX13-001.yaml,Portable handoff routes only to TX-14 controlled Phase 2 work.
REL-TX13-RECEIPT-DESCRIBES-COMPLETION,SRC-STRATEGIC-BASELINE-TX13-RECEIPT,describes,SRC-COMPLETION-STRATEGIC-BASELINE-TX13,implementation_plans/completion_receipts/CR-SFADEV-STRATEGIC-BASELINE-TX13-001.md,Human-readable receipt records validator coverage unchanged trace evidence explicit gaps and the TX-14-only boundary.
REL-TX13-RECEIPT-TRACES-PLAN,SRC-STRATEGIC-BASELINE-TX13-RECEIPT,implements_transaction_from,SRC-STRATEGIC-BASELINE-MIGRATION-PLAN,implementation_plans/completion_receipts/CR-SFADEV-STRATEGIC-BASELINE-TX13-001.md,Completion evidence closes TX-13 without beginning TX-14 or later work.
REL-P2-ADDENDUM-EXTENDS-P2,SRC-PRD-P2-STRATEGIC-BASELINE-ADDENDUM,extends,SRC-PRD-P2-WALKING-SKELETON,PRDs/Sys4AI_phase-2_strategic_baseline_addendum.md,Controlled addendum carries only the current Phase 2 strategic execution host pattern testing trace and package delta while preserving accepted evidence.
REL-P2-ADDENDUM-TRACES-P0,SRC-PRD-P2-STRATEGIC-BASELINE-ADDENDUM,traces_to,SRC-PRD-P0,PRDs/Sys4AI_phase-2_strategic_baseline_addendum.md,Addendum requirements retain exact upstream Phase 0 mappings.
REL-P2-ADDENDUM-TRACES-P1,SRC-PRD-P2-STRATEGIC-BASELINE-ADDENDUM,traces_to,SRC-PRD-P1,PRDs/Sys4AI_phase-2_strategic_baseline_addendum.md,Addendum requirements implement the accepted Phase 1 strategic host execution lifecycle pattern trace package and semantic baseline.
REL-P2-ADDENDUM-DERIVES-RDR,SRC-PRD-P2-STRATEGIC-BASELINE-ADDENDUM,derives_from,SRC-RDR-STRATEGIC-BASELINE-001,PRDs/Sys4AI_phase-2_strategic_baseline_addendum.md,Strategic migration discovery supplies candidate evidence while the accepted decision and G-06 task supply authority.
REL-P2-ADDENDUM-IMPLEMENTS-DECISION,SRC-PRD-P2-STRATEGIC-BASELINE-ADDENDUM,implements,SRC-DDR-STRATEGIC-BASELINE-001,PRDs/Sys4AI_phase-2_strategic_baseline_addendum.md,Addendum implements the selected controlled route without satisfying later human gates.
REL-PRD-README-INDEXES-P2-ADDENDUM,SRC-PRD-README,indexes,SRC-PRD-P2-STRATEGIC-BASELINE-ADDENDUM,PRDs/README.md,Controlled authority index identifies the addendum scope and preserved accepted Phase 2 authority.
REL-TX14-CONFORMS-EXECUTION-SCHEMA,SRC-TX14-EXECUTION-TRANSACTION,conforms_to,SRC-SCHEMA-EXECUTION-TRANSACTION,Sys4AI/control_records/execution_transactions/TX-14-PHASE2.yaml,TX-14 uses the portable bounded execution contract and stops before target-package implementation.
REL-TX13-HANDOFF-SUPPORTS-TX14,SRC-HANDOFF-STRATEGIC-BASELINE-TX13,supports,SRC-TX14-EXECUTION-TRANSACTION,Sys4AI/control_records/handoffs/HANDOFF-SFADEV-STRATEGIC-BASELINE-TX13-001.yaml,Consumed TX-13 handoff authorizes only the controlled Phase 2 addendum transaction.
REL-TX14-MEMORY-SUPPORTS-EXECUTION,SRC-MEMPREFLIGHT-STRATEGIC-BASELINE-TX14,supports,SRC-TX14-EXECUTION-TRANSACTION,Sys4AI/control_records/memory_preflights/MEMPREFLIGHT-TX-14-PHASE2-20260710T155212Z.yaml,Memory supported navigation while registered sources and live Git evidence determined authority and preservation.
REL-PRD-VALIDATOR-VALIDATES-P2-ADDENDUM,SRC-VALIDATOR-PRD-SEMANTICS,validates,SRC-PRD-P2-STRATEGIC-BASELINE-ADDENDUM,Sys4AI/sys_for_ai/prd_semantics.py,Focused semantic validation enforces all required addendum families and the structural limitation boundary.
REL-TX14-TRACE-ROWS-TRACE-ADDENDUM,SRC-REG-REQ-TRACE,traces_to,SRC-PRD-P2-STRATEGIC-BASELINE-ADDENDUM,Sys4AI/registries/requirement_trace_registry.csv,Thirteen reviewed generalized rows map addendum requirements upstream without duplicating Phase 0 coverage.
REL-TX14-COMPLETION-CLOSES-EXECUTION,SRC-COMPLETION-STRATEGIC-BASELINE-TX14,closes,SRC-TX14-EXECUTION-TRANSACTION,Sys4AI/control_records/completions/RECEIPT-SFADEV-STRATEGIC-BASELINE-TX14-001.yaml,Machine-readable closeout binds addendum acceptance preservation validation and next recommendation.
REL-TX14-HANDOFF-FOLLOWS-COMPLETION,SRC-HANDOFF-STRATEGIC-BASELINE-TX14,follows,SRC-COMPLETION-STRATEGIC-BASELINE-TX14,Sys4AI/control_records/handoffs/HANDOFF-SFADEV-STRATEGIC-BASELINE-TX14-001.yaml,Portable handoff routes only to TX-15 target-package implementation.
REL-TX14-RECEIPT-DESCRIBES-COMPLETION,SRC-STRATEGIC-BASELINE-TX14-RECEIPT,describes,SRC-COMPLETION-STRATEGIC-BASELINE-TX14,implementation_plans/completion_receipts/CR-SFADEV-STRATEGIC-BASELINE-TX14-001.md,Human-readable receipt records controlled scope protected hashes trace preservation and the TX-15-only boundary.
REL-TX14-RECEIPT-TRACES-PLAN,SRC-STRATEGIC-BASELINE-TX14-RECEIPT,implements_transaction_from,SRC-STRATEGIC-BASELINE-MIGRATION-PLAN,implementation_plans/completion_receipts/CR-SFADEV-STRATEGIC-BASELINE-TX14-001.md,Completion evidence closes TX-14 without beginning target-package or later work.
REL-TARGET-PACKAGE-CONFORMS-SCHEMA,SRC-EXAMPLE-REPO-STEWARD-PACKAGE,conforms_to,SRC-SCHEMA-TARGET-SYSTEM-PACKAGE,Sys4AI/examples/target_systems/repo_steward_agent_package/target-system-manifest.yaml,Derivative smoke package binds strategic approval pattern host execution trace hash validation and authority fields to the generic manifest contract.
REL-TARGET-PACKAGE-VALIDATOR-USES-SCHEMA,SRC-TARGET-PACKAGE-VALIDATOR,uses,SRC-SCHEMA-TARGET-SYSTEM-PACKAGE,Sys4AI/sys_for_ai/target_package.py,Focused semantics extend the registered schema with pointer hash strategic approval pattern host execution trace and boundary checks.
REL-TARGET-PACKAGE-TESTS-VERIFY-SCHEMA,SRC-TEST-TARGET-PACKAGE,verifies,SRC-SCHEMA-TARGET-SYSTEM-PACKAGE,Sys4AI/tests/test_target_package.py,Positive and mandatory negative tests prove generic target IDs and fail-closed package contract enforcement.
REL-TARGET-PACKAGE-IMPLEMENTS-P2-ADDENDUM,SRC-EXAMPLE-REPO-STEWARD-PACKAGE,implements_requirements_from,SRC-PRD-P2-STRATEGIC-BASELINE-ADDENDUM,Sys4AI/examples/target_systems/repo_steward_agent_package,Package implements SFA-P2-ADD-PACKAGE-001 and package-summary evidence for SFA-P2-ADD-SEM-001 while walking-skeleton flow requirements remain not run.
REL-TARGET-PACKAGE-SCHEMA-IMPLEMENTS-P1,SRC-SCHEMA-TARGET-SYSTEM-PACKAGE,implements_requirements_from,SRC-PRD-P1,Sys4AI/schemas/contracts/target_system_package_manifest.schema.json,Contract implements strategic package pattern maturity host execution trace hash and validation obligations without granting target or production authority.
REL-TX15-CONFORMS-EXECUTION-SCHEMA,SRC-TX15-EXECUTION-TRANSACTION,conforms_to,SRC-SCHEMA-EXECUTION-TRANSACTION,Sys4AI/control_records/execution_transactions/TX-15-TARGET-PACKAGE.yaml,TX-15 uses the portable bounded execution contract and stops before walking-skeleton implementation.
REL-TX14-HANDOFF-SUPPORTS-TX15,SRC-HANDOFF-STRATEGIC-BASELINE-TX14,supports,SRC-TX15-EXECUTION-TRANSACTION,Sys4AI/control_records/handoffs/HANDOFF-SFADEV-STRATEGIC-BASELINE-TX14-001.yaml,Consumed TX-14 handoff authorizes only target-package schema example validator and test work.
REL-TX15-MEMORY-SUPPORTS-EXECUTION,SRC-MEMPREFLIGHT-STRATEGIC-BASELINE-TX15,supports,SRC-TX15-EXECUTION-TRANSACTION,Sys4AI/control_records/memory_preflights/MEMPREFLIGHT-TX-15-TARGET-PACKAGE-20260710T165733Z.yaml,Memory supported navigation while registered sources and live Git evidence determined scope and freshness.
REL-TARGET-PACKAGE-VALIDATOR-VALIDATES-EXAMPLE,SRC-TARGET-PACKAGE-VALIDATOR,validates,SRC-EXAMPLE-REPO-STEWARD-PACKAGE,Sys4AI/sys_for_ai/target_package.py,Generic validator enforces manifest strategic approval hash pattern host execution trace and derivative boundaries on the smoke example.
REL-TX15-TRACE-ROWS-VERIFY-PACKAGE,SRC-REG-REQ-TRACE,verifies,SRC-EXAMPLE-REPO-STEWARD-PACKAGE,Sys4AI/registries/requirement_trace_registry.csv,Only package and semantic addendum rows advance to pass while eleven additive rows and all TX-12 gaps remain explicit.
REL-TX15-COMPLETION-CLOSES-EXECUTION,SRC-COMPLETION-STRATEGIC-BASELINE-TX15,closes,SRC-TX15-EXECUTION-TRANSACTION,Sys4AI/control_records/completions/RECEIPT-SFADEV-STRATEGIC-BASELINE-TX15-001.yaml,Machine-readable closeout binds contract example negative tests trace preservation validation and next recommendation.
REL-TX15-HANDOFF-FOLLOWS-COMPLETION,SRC-HANDOFF-STRATEGIC-BASELINE-TX15,follows,SRC-COMPLETION-STRATEGIC-BASELINE-TX15,Sys4AI/control_records/handoffs/HANDOFF-SFADEV-STRATEGIC-BASELINE-TX15-001.yaml,Portable handoff routes only to TX-16 walking-skeleton work.
REL-TX15-RECEIPT-DESCRIBES-COMPLETION,SRC-STRATEGIC-BASELINE-TX15-RECEIPT,describes,SRC-COMPLETION-STRATEGIC-BASELINE-TX15,implementation_plans/completion_receipts/CR-SFADEV-STRATEGIC-BASELINE-TX15-001.md,Human-readable receipt records generic package validation trace preservation open gates and rollback.
REL-TX15-RECEIPT-TRACES-PLAN,SRC-STRATEGIC-BASELINE-TX15-RECEIPT,implements_transaction_from,SRC-STRATEGIC-BASELINE-MIGRATION-PLAN,implementation_plans/completion_receipts/CR-SFADEV-STRATEGIC-BASELINE-TX15-001.md,Completion evidence closes TX-15 without beginning walking-skeleton or later work.
REL-TX17-SAFETY-PACKET-IMPLEMENTS-P1,SRC-SAFETY-EVALUATION-PACKET-TX17,implements_requirements_from,SRC-PRD-P1,Sys4AI/assurance/meta_agent_self_change_safety_evaluation.yaml,Packet implements SELF-001 and SELF-002 plus exact permission lifecycle status and production-gate obligations without claiming human acceptance.
REL-TX17-SAFETY-PACKET-IMPLEMENTS-P2,SRC-SAFETY-EVALUATION-PACKET-TX17,implements_requirements_from,SRC-PRD-P2-STRATEGIC-BASELINE-ADDENDUM,Sys4AI/assurance/meta_agent_self_change_safety_evaluation.yaml,Packet adds threat evaluation rollback and operations evidence while preserving the validated-prototype ceiling.
REL-TX17-SAFETY-PACKET-IMPLEMENTS-DECISION,SRC-SAFETY-EVALUATION-PACKET-TX17,implements,SRC-DDR-STRATEGIC-BASELINE-001,Sys4AI/assurance/meta_agent_self_change_safety_evaluation.yaml,Packet enforces human-reserved decisions reflection depth one and no implicit permission expansion.
REL-TX17-SAFETY-PACKET-CONFORMS-SCHEMA,SRC-SAFETY-EVALUATION-PACKET-TX17,conforms_to,SRC-SCHEMA-SELF-CHANGE-SAFETY-EVALUATION,Sys4AI/assurance/meta_agent_self_change_safety_evaluation.yaml,Integrated packet supplies all seven assurance sections and explicit limitations.
REL-TX17-HOLDOUTS-CONFORM-SCHEMA,SRC-HOLDOUT-SUITE-SELF-CHANGE-TX17,conforms_to,SRC-SCHEMA-SELF-CHANGE-HOLDOUT-SUITE,Sys4AI/assurance/holdouts/meta_agent_self_change_holdouts.yaml,Holdouts supply immutable thresholds defaults scenarios expected outcomes and nonconfidential protection metadata.
REL-TX17-SAFETY-PACKET-PROTECTS-HOLDOUTS,SRC-SAFETY-EVALUATION-PACKET-TX17,protects,SRC-HOLDOUT-SUITE-SELF-CHANGE-TX17,Sys4AI/assurance/meta_agent_self_change_safety_evaluation.yaml,Packet records the exact holdout digest count mutation authority rotation trigger and target-actor prohibition.
REL-TX17-VALIDATOR-VALIDATES-PACKET,SRC-VALIDATOR-SAFETY-EVALUATION,validates,SRC-SAFETY-EVALUATION-PACKET-TX17,Sys4AI/sys_for_ai/safety_evaluation.py,Validator checks schema semantics assurance gaps protected baselines role bindings trace counts and open gates.
REL-TX17-VALIDATOR-EVALUATES-HOLDOUTS,SRC-VALIDATOR-SAFETY-EVALUATION,evaluates,SRC-HOLDOUT-SUITE-SELF-CHANGE-TX17,Sys4AI/sys_for_ai/safety_evaluation.py,Evaluator requires exact results all-scenario pass and zero unexpected accepts.
REL-TX17-TESTS-VERIFY-VALIDATOR,SRC-TEST-SAFETY-EVALUATION,verifies,SRC-VALIDATOR-SAFETY-EVALUATION,Sys4AI/tests/test_safety_evaluation.py,Tests exercise permissions self-approval evaluator integrity reflection isolation hostile input rollback production and drift failures.
REL-TX17-CONFORMS-EXECUTION-SCHEMA,SRC-TX17-EXECUTION-TRANSACTION,conforms_to,SRC-SCHEMA-EXECUTION-TRANSACTION,Sys4AI/control_records/execution_transactions/TX-17-SAFETY-EVALUATION.yaml,TX-17 uses the portable bounded execution contract and stops before accountable human acceptance.
REL-TX16-HANDOFF-SUPPORTS-TX17,SRC-HANDOFF-STRATEGIC-BASELINE-TX16,supports,SRC-TX17-EXECUTION-TRANSACTION,Sys4AI/control_records/handoffs/HANDOFF-SFADEV-STRATEGIC-BASELINE-TX16-001.yaml,Consumed TX-16 handoff authorizes only the bounded safety evaluation packet.
REL-TX17-MEMORY-SUPPORTS-EXECUTION,SRC-MEMPREFLIGHT-STRATEGIC-BASELINE-TX17,supports,SRC-TX17-EXECUTION-TRANSACTION,Sys4AI/control_records/memory_preflights/MEMPREFLIGHT-TX-17-SAFETY-EVALUATION-20260710T175106Z.yaml,Memory supplied navigation while live registered authority and Git state controlled scope.
REL-TX17-TRACE-VERIFIES-SAFETY,SRC-REG-REQ-TRACE,verifies,SRC-SAFETY-EVALUATION-PACKET-TX17,Sys4AI/registries/requirement_trace_registry.csv,The additive Phase 2 safety row records exact TX-17 evidence while all reviewed TX-12 state counts remain unchanged.
REL-TX17-COMPLETION-CLOSES-EXECUTION,SRC-COMPLETION-STRATEGIC-BASELINE-TX17,closes,SRC-TX17-EXECUTION-TRANSACTION,Sys4AI/control_records/completions/RECEIPT-SFADEV-STRATEGIC-BASELINE-TX17-001.yaml,Machine-readable closeout binds safety contracts holdouts roles trace preservation residual gaps and the human gate.
REL-TX17-HANDOFF-FOLLOWS-COMPLETION,SRC-HANDOFF-STRATEGIC-BASELINE-TX17,follows,SRC-COMPLETION-STRATEGIC-BASELINE-TX17,Sys4AI/control_records/handoffs/HANDOFF-SFADEV-STRATEGIC-BASELINE-TX17-001.yaml,Human-gated handoff routes only to TX-18 accountable review and implies no approval.
REL-TX17-RECEIPT-DESCRIBES-COMPLETION,SRC-STRATEGIC-BASELINE-TX17-RECEIPT,describes,SRC-COMPLETION-STRATEGIC-BASELINE-TX17,implementation_plans/completion_receipts/CR-SFADEV-STRATEGIC-BASELINE-TX17-001.md,Human-readable receipt records threat evaluation holdouts roles limitations rollback and open gates.
REL-TX17-RECEIPT-TRACES-PLAN,SRC-STRATEGIC-BASELINE-TX17-RECEIPT,implements_transaction_from,SRC-STRATEGIC-BASELINE-MIGRATION-PLAN,implementation_plans/completion_receipts/CR-SFADEV-STRATEGIC-BASELINE-TX17-001.md,Completion evidence closes TX-17 without beginning or accepting TX-18 or later work.
REL-DDR-G08-IMPLEMENTS-PLAN-GATE,SRC-DDR-STRATEGIC-BASELINE-G08-001,implements_gate,SRC-STRATEGIC-BASELINE-MIGRATION-PLAN,Sys4AI/control_records/director_decisions/DDR-SFADEV-STRATEGIC-BASELINE-G08-001.yaml,Direct human decision accepts G-08 for the exact Sys4AI vision and eight core values without satisfying later gates.
REL-DDR-G08-APPROVES-P0-STRATEGIC-CONTENT,SRC-DDR-STRATEGIC-BASELINE-G08-001,approves_strategic_content_in,SRC-PRD-P0,Sys4AI/control_records/director_decisions/DDR-SFADEV-STRATEGIC-BASELINE-G08-001.yaml,Decision advances SFA-VISION-001 and SFA-VALUE-001 through 008 to approved version 1.0 and activates their requirement family.
REL-DDR-G08-SUPPORTED-BY-TX17-SAFETY,SRC-DDR-STRATEGIC-BASELINE-G08-001,supported_by,SRC-SAFETY-EVALUATION-PACKET-TX17,Sys4AI/control_records/director_decisions/DDR-SFADEV-STRATEGIC-BASELINE-G08-001.yaml,TX-17 supplies bounded threat permission evaluation assurance rollback and operations evidence with explicit residual gaps.
REL-DDR-G08-SUPPORTED-BY-TX17-HOLDOUTS,SRC-DDR-STRATEGIC-BASELINE-G08-001,supported_by,SRC-HOLDOUT-SUITE-SELF-CHANGE-TX17,Sys4AI/control_records/director_decisions/DDR-SFADEV-STRATEGIC-BASELINE-G08-001.yaml,All 24 protected local holdouts passed while confidentiality and external independence remain unclaimed.
REL-TX18-CONFORMS-EXECUTION-SCHEMA,SRC-TX18-EXECUTION-TRANSACTION,conforms_to,SRC-SCHEMA-EXECUTION-TRANSACTION,Sys4AI/control_records/execution_transactions/TX-18-HUMAN-APPROVAL.yaml,TX-18 uses the portable bounded execution contract and stops before TX-19 derivative regeneration.
REL-TX17-HANDOFF-SUPPORTS-TX18,SRC-HANDOFF-STRATEGIC-BASELINE-TX17,supports,SRC-TX18-EXECUTION-TRANSACTION,Sys4AI/control_records/handoffs/HANDOFF-SFADEV-STRATEGIC-BASELINE-TX17-001.yaml,Consumed TX-17 human-gated handoff authorizes only accountable TX-18 review.
REL-TX18-MEMORY-SUPPORTS-EXECUTION,SRC-MEMPREFLIGHT-STRATEGIC-BASELINE-TX18,supports,SRC-TX18-EXECUTION-TRANSACTION,Sys4AI/control_records/memory_preflights/MEMPREFLIGHT-TX-18-HUMAN-APPROVAL-20260710T184803Z.yaml,Memory supplied navigation while live plan PRD handoff safety decision and registries controlled scope.
REL-TX18-COMPLETION-CLOSES-EXECUTION,SRC-COMPLETION-STRATEGIC-BASELINE-TX18,closes,SRC-TX18-EXECUTION-TRANSACTION,Sys4AI/control_records/completions/RECEIPT-SFADEV-STRATEGIC-BASELINE-TX18-001.yaml,Machine-readable closeout binds G-08 approval protected evidence unchanged trace gaps and the TX-19-only route.
REL-TX18-HANDOFF-FOLLOWS-COMPLETION,SRC-HANDOFF-STRATEGIC-BASELINE-TX18,follows,SRC-COMPLETION-STRATEGIC-BASELINE-TX18,Sys4AI/control_records/handoffs/HANDOFF-SFADEV-STRATEGIC-BASELINE-TX18-001.yaml,Portable handoff routes only to TX-19 after shared-baseline publication.
REL-TX18-RECEIPT-DESCRIBES-COMPLETION,SRC-STRATEGIC-BASELINE-TX18-RECEIPT,describes,SRC-COMPLETION-STRATEGIC-BASELINE-TX18,implementation_plans/completion_receipts/CR-SFADEV-STRATEGIC-BASELINE-TX18-001.md,Human-readable receipt records approval scope limitations supersession protected evidence and later-gate boundaries.
REL-TX18-RECEIPT-TRACES-PLAN,SRC-STRATEGIC-BASELINE-TX18-RECEIPT,implements_transaction_from,SRC-STRATEGIC-BASELINE-MIGRATION-PLAN,implementation_plans/completion_receipts/CR-SFADEV-STRATEGIC-BASELINE-TX18-001.md,Completion evidence closes TX-18 without beginning TX-19 or satisfying G-07 or G-10.
REL-TX19-CONFORMS-EXECUTION-SCHEMA,SRC-TX19-EXECUTION-TRANSACTION,conforms_to,SRC-SCHEMA-EXECUTION-TRANSACTION,Sys4AI/control_records/execution_transactions/TX-19-MODULES.yaml,TX-19 uses the portable bounded execution contract and stops before TX-20 generated-reader work.
REL-TX18-HANDOFF-SUPPORTS-TX19,SRC-HANDOFF-STRATEGIC-BASELINE-TX18,supports,SRC-TX19-EXECUTION-TRANSACTION,Sys4AI/control_records/handoffs/HANDOFF-SFADEV-STRATEGIC-BASELINE-TX18-001.yaml,Consumed TX-18 handoff authorizes only twelve-module derivative regeneration with protected baselines unchanged.
REL-TX19-MEMORY-SUPPORTS-EXECUTION,SRC-MEMPREFLIGHT-STRATEGIC-BASELINE-TX19,supports,SRC-TX19-EXECUTION-TRANSACTION,Sys4AI/control_records/memory_preflights/MEMPREFLIGHT-TX-19-MODULES-20260710T193535Z.yaml,Memory supplied navigation while the live plan handoff decisions and registered sources controlled scope.
REL-TX19-MODULE-INIT-DISCOVERY-DERIVES-P2-ADDENDUM,SRC-PRD-MODULE-INIT-DISCOVERY,derives_from,SRC-PRD-P2-STRATEGIC-BASELINE-ADDENDUM,PRDs/modules/Sys4AI_init_and_discovery_prd.md,TX-19 regeneration adds accepted strategic addendum provenance while the module remains noncanonical.
REL-TX19-MODULE-INIT-DISCOVERY-SUPPORTED-BY-G08,SRC-PRD-MODULE-INIT-DISCOVERY,supported_by,SRC-DDR-STRATEGIC-BASELINE-G08-001,PRDs/modules/Sys4AI_init_and_discovery_prd.md,G-08 supplies current vision and values approval status without promoting the derivative module.
REL-TX19-MODULE-AGENTJOB-CONTINUE-DERIVES-P2-ADDENDUM,SRC-PRD-MODULE-AGENTJOB-CONTINUE,derives_from,SRC-PRD-P2-STRATEGIC-BASELINE-ADDENDUM,PRDs/modules/Sys4AI_agentjob_and_continue_prd.md,TX-19 regeneration maps the retained historical module ID to portable bounded execution without restoring AgentJob semantics.
REL-TX19-MODULE-AGENTJOB-CONTINUE-SUPPORTED-BY-G08,SRC-PRD-MODULE-AGENTJOB-CONTINUE,supported_by,SRC-DDR-STRATEGIC-BASELINE-G08-001,PRDs/modules/Sys4AI_agentjob_and_continue_prd.md,G-08 is preserved as strategic approval evidence and grants no execution permission.
REL-TX19-MODULE-AGENTJOB-CONTINUE-SUPPORTED-BY-G02,SRC-PRD-MODULE-AGENTJOB-CONTINUE,supported_by,SRC-DDR-STRATEGIC-BASELINE-001,PRDs/modules/Sys4AI_agentjob_and_continue_prd.md,G-02 controls the harness-neutral ExecutionTransaction mapping and retired legacy semantics.
REL-TX19-MODULE-SOURCE-FIRST-MEMORY-DERIVES-P2-ADDENDUM,SRC-PRD-MODULE-SOURCE-FIRST-MEMORY,derives_from,SRC-PRD-P2-STRATEGIC-BASELINE-ADDENDUM,PRDs/modules/Sys4AI_source_first_memory_prd.md,TX-19 regeneration adds accepted strategic addendum provenance while the module remains noncanonical.
REL-TX19-MODULE-SOURCE-FIRST-MEMORY-SUPPORTED-BY-G08,SRC-PRD-MODULE-SOURCE-FIRST-MEMORY,supported_by,SRC-DDR-STRATEGIC-BASELINE-G08-001,PRDs/modules/Sys4AI_source_first_memory_prd.md,G-08 approval is source-backed state that memory may retrieve but never replace.
REL-TX19-MODULE-SYSTEM-LAYERS-DERIVES-P2-ADDENDUM,SRC-PRD-MODULE-SYSTEM-LAYERS-SELF-HOSTING,derives_from,SRC-PRD-P2-STRATEGIC-BASELINE-ADDENDUM,PRDs/modules/Sys4AI_system_layers_and_self_hosting_prd.md,TX-19 regeneration adds accepted strategic addendum provenance while the module remains noncanonical.
REL-TX19-MODULE-SYSTEM-LAYERS-SUPPORTED-BY-G08,SRC-PRD-MODULE-SYSTEM-LAYERS-SELF-HOSTING,supported_by,SRC-DDR-STRATEGIC-BASELINE-G08-001,PRDs/modules/Sys4AI_system_layers_and_self_hosting_prd.md,G-08 approval does not alter framework runtime host target or derivative layer authority.
REL-TX19-MODULE-ROLE-GOVERNANCE-DERIVES-P2-ADDENDUM,SRC-PRD-MODULE-ROLE-GOVERNANCE,derives_from,SRC-PRD-P2-STRATEGIC-BASELINE-ADDENDUM,PRDs/modules/Sys4AI_role_governance_prd.md,TX-19 regeneration adds accepted strategic addendum provenance while the module remains noncanonical.
REL-TX19-MODULE-ROLE-GOVERNANCE-SUPPORTED-BY-G08,SRC-PRD-MODULE-ROLE-GOVERNANCE,supported_by,SRC-DDR-STRATEGIC-BASELINE-G08-001,PRDs/modules/Sys4AI_role_governance_prd.md,G-08 preserves accountable human approval and separation-of-duties boundaries.
REL-TX19-MODULE-SKILL-LIFECYCLE-DERIVES-P2-ADDENDUM,SRC-PRD-MODULE-SKILL-LIFECYCLE,derives_from,SRC-PRD-P2-STRATEGIC-BASELINE-ADDENDUM,PRDs/modules/Sys4AI_skill_lifecycle_prd.md,TX-19 regeneration adds accepted strategic addendum provenance while the module remains noncanonical.
REL-TX19-MODULE-SKILL-LIFECYCLE-SUPPORTED-BY-G08,SRC-PRD-MODULE-SKILL-LIFECYCLE,supported_by,SRC-DDR-STRATEGIC-BASELINE-G08-001,PRDs/modules/Sys4AI_skill_lifecycle_prd.md,G-08 does not activate a candidate facilitation skill or bypass promotion.
REL-TX19-MODULE-VALIDATION-DERIVES-P2-ADDENDUM,SRC-PRD-MODULE-VALIDATION-TRACEABILITY,derives_from,SRC-PRD-P2-STRATEGIC-BASELINE-ADDENDUM,PRDs/modules/Sys4AI_validation_and_traceability_prd.md,TX-19 regeneration adds accepted strategic addendum provenance while the module remains noncanonical.
REL-TX19-MODULE-VALIDATION-SUPPORTED-BY-G08,SRC-PRD-MODULE-VALIDATION-TRACEABILITY,supported_by,SRC-DDR-STRATEGIC-BASELINE-G08-001,PRDs/modules/Sys4AI_validation_and_traceability_prd.md,G-08 supplies approval evidence without collapsing coverage capability verification or operational state.
REL-TX19-MODULE-TARGET-GENERATION-DERIVES-P2-ADDENDUM,SRC-PRD-MODULE-TARGET-SYSTEM-GENERATION,derives_from,SRC-PRD-P2-STRATEGIC-BASELINE-ADDENDUM,PRDs/modules/Sys4AI_target_system_generation_prd.md,TX-19 regeneration adds accepted strategic addendum package obligations while the module remains noncanonical.
REL-TX19-MODULE-TARGET-GENERATION-SUPPORTED-BY-G08,SRC-PRD-MODULE-TARGET-SYSTEM-GENERATION,supported_by,SRC-DDR-STRATEGIC-BASELINE-G08-001,PRDs/modules/Sys4AI_target_system_generation_prd.md,Sys4AI product approval does not imply target strategic approval domain truth or production readiness.
REL-TX19-MODULE-OPERATIONS-DERIVES-P2-ADDENDUM,SRC-PRD-MODULE-OPERATIONS-MAINTENANCE,derives_from,SRC-PRD-P2-STRATEGIC-BASELINE-ADDENDUM,PRDs/modules/Sys4AI_operations_improvement_maintenance_prd.md,TX-19 regeneration adds accepted lifecycle and pattern obligations while the module remains noncanonical.
REL-TX19-MODULE-OPERATIONS-SUPPORTED-BY-G08,SRC-PRD-MODULE-OPERATIONS-MAINTENANCE,supported_by,SRC-DDR-STRATEGIC-BASELINE-G08-001,PRDs/modules/Sys4AI_operations_improvement_maintenance_prd.md,G-08 approval does not establish operational authority or production acceptance.
REL-TX19-MODULE-INTERFACE-DERIVES-P2-ADDENDUM,SRC-PRD-MODULE-INTERFACE-INTEGRATION,derives_from,SRC-PRD-P2-STRATEGIC-BASELINE-ADDENDUM,PRDs/modules/Sys4AI_interface_and_integration_prd.md,TX-19 regeneration adds accepted host-profile obligations while the module remains noncanonical.
REL-TX19-MODULE-INTERFACE-SUPPORTED-BY-G08,SRC-PRD-MODULE-INTERFACE-INTEGRATION,supported_by,SRC-DDR-STRATEGIC-BASELINE-G08-001,PRDs/modules/Sys4AI_interface_and_integration_prd.md,G-08 approval does not satisfy G-07 host verification or expand permissions.
REL-TX19-MODULE-SECURITY-DERIVES-P2-ADDENDUM,SRC-PRD-MODULE-SECURITY-SAFETY-ASSURANCE,derives_from,SRC-PRD-P2-STRATEGIC-BASELINE-ADDENDUM,PRDs/modules/Sys4AI_security_safety_assurance_prd.md,TX-19 regeneration adds accepted safety and nonproduction obligations while the module remains noncanonical.
REL-TX19-MODULE-SECURITY-SUPPORTED-BY-G08,SRC-PRD-MODULE-SECURITY-SAFETY-ASSURANCE,supported_by,SRC-DDR-STRATEGIC-BASELINE-G08-001,PRDs/modules/Sys4AI_security_safety_assurance_prd.md,Approved values cannot waive safety security privacy compliance or permission controls.
REL-TX19-MODULE-DOMAIN-DERIVES-P2-ADDENDUM,SRC-PRD-MODULE-DOMAIN-PACK,derives_from,SRC-PRD-P2-STRATEGIC-BASELINE-ADDENDUM,PRDs/modules/Sys4AI_domain_pack_prd.md,TX-19 regeneration adds accepted strategic constraints while the module remains noncanonical.
REL-TX19-MODULE-DOMAIN-SUPPORTED-BY-G08,SRC-PRD-MODULE-DOMAIN-PACK,supported_by,SRC-DDR-STRATEGIC-BASELINE-G08-001,PRDs/modules/Sys4AI_domain_pack_prd.md,Sys4AI product approval does not establish target-domain value truth or acceptance.
REL-TX19-MODULE-INIT-DISCOVERY-TRACES-PLAN,SRC-PRD-MODULE-INIT-DISCOVERY,traces_to,SRC-STRATEGIC-BASELINE-MIGRATION-PLAN,PRDs/modules/Sys4AI_init_and_discovery_prd.md,TX-19 regeneration implements the bounded WS-14 module route without promoting derivative authority.
REL-TX19-MODULE-AGENTJOB-CONTINUE-TRACES-PLAN,SRC-PRD-MODULE-AGENTJOB-CONTINUE,traces_to,SRC-STRATEGIC-BASELINE-MIGRATION-PLAN,PRDs/modules/Sys4AI_agentjob_and_continue_prd.md,TX-19 records the plan-required historical compatibility disposition without restoring retired runtime semantics.
REL-TX19-MODULE-SOURCE-FIRST-MEMORY-TRACES-PLAN,SRC-PRD-MODULE-SOURCE-FIRST-MEMORY,traces_to,SRC-STRATEGIC-BASELINE-MIGRATION-PLAN,PRDs/modules/Sys4AI_source_first_memory_prd.md,TX-19 applies the plan provenance and ghost-authority controls while memory remains navigation only.
REL-TX19-MODULE-SYSTEM-LAYERS-TRACES-PLAN,SRC-PRD-MODULE-SYSTEM-LAYERS-SELF-HOSTING,traces_to,SRC-STRATEGIC-BASELINE-MIGRATION-PLAN,PRDs/modules/Sys4AI_system_layers_and_self_hosting_prd.md,TX-19 applies the plan actor and layer boundary without adding authority layers.
REL-TX19-MODULE-ROLE-GOVERNANCE-TRACES-PLAN,SRC-PRD-MODULE-ROLE-GOVERNANCE,traces_to,SRC-STRATEGIC-BASELINE-MIGRATION-PLAN,PRDs/modules/Sys4AI_role_governance_prd.md,TX-19 applies the plan separation-of-duties allocation without granting operational authority.
REL-TX19-MODULE-SKILL-LIFECYCLE-TRACES-PLAN,SRC-PRD-MODULE-SKILL-LIFECYCLE,traces_to,SRC-STRATEGIC-BASELINE-MIGRATION-PLAN,PRDs/modules/Sys4AI_skill_lifecycle_prd.md,TX-19 applies the plan candidate-only facilitation boundary without activating a skill.
REL-TX19-MODULE-VALIDATION-TRACES-PLAN,SRC-PRD-MODULE-VALIDATION-TRACEABILITY,traces_to,SRC-STRATEGIC-BASELINE-MIGRATION-PLAN,PRDs/modules/Sys4AI_validation_and_traceability_prd.md,TX-19 applies the plan semantic trace and capability-state validation boundary.
REL-TX19-MODULE-TARGET-GENERATION-TRACES-PLAN,SRC-PRD-MODULE-TARGET-SYSTEM-GENERATION,traces_to,SRC-STRATEGIC-BASELINE-MIGRATION-PLAN,PRDs/modules/Sys4AI_target_system_generation_prd.md,TX-19 applies the plan target-package allocation without claiming target acceptance.
REL-TX19-MODULE-OPERATIONS-TRACES-PLAN,SRC-PRD-MODULE-OPERATIONS-MAINTENANCE,traces_to,SRC-STRATEGIC-BASELINE-MIGRATION-PLAN,PRDs/modules/Sys4AI_operations_improvement_maintenance_prd.md,TX-19 applies the plan lifecycle and pattern allocation without granting operational authority.
REL-TX19-MODULE-INTERFACE-TRACES-PLAN,SRC-PRD-MODULE-INTERFACE-INTEGRATION,traces_to,SRC-STRATEGIC-BASELINE-MIGRATION-PLAN,PRDs/modules/Sys4AI_interface_and_integration_prd.md,TX-19 applies the plan interface allocation while G-07 host verification remains open.
REL-TX19-MODULE-SECURITY-TRACES-PLAN,SRC-PRD-MODULE-SECURITY-SAFETY-ASSURANCE,traces_to,SRC-STRATEGIC-BASELINE-MIGRATION-PLAN,PRDs/modules/Sys4AI_security_safety_assurance_prd.md,TX-19 applies the plan safety boundary without granting permission or production status.
REL-TX19-MODULE-DOMAIN-TRACES-PLAN,SRC-PRD-MODULE-DOMAIN-PACK,traces_to,SRC-STRATEGIC-BASELINE-MIGRATION-PLAN,PRDs/modules/Sys4AI_domain_pack_prd.md,TX-19 applies the plan domain-value boundary without claiming domain truth.
REL-TX19-MODULE-SYSTEM-LAYERS-SUPPORTED-BY-G02,SRC-PRD-MODULE-SYSTEM-LAYERS-SELF-HOSTING,supported_by,SRC-DDR-STRATEGIC-BASELINE-001,PRDs/modules/Sys4AI_system_layers_and_self_hosting_prd.md,G-02 controls composite identity runtime actor host neutrality and the reflection-depth bound.
REL-TX19-MODULE-ROLE-GOVERNANCE-SUPPORTED-BY-G02,SRC-PRD-MODULE-ROLE-GOVERNANCE,supported_by,SRC-DDR-STRATEGIC-BASELINE-001,PRDs/modules/Sys4AI_role_governance_prd.md,G-02 controls the portable execution authority boundary used by role governance.
REL-TX19-MODULE-SKILL-LIFECYCLE-SUPPORTED-BY-G02,SRC-PRD-MODULE-SKILL-LIFECYCLE,supported_by,SRC-DDR-STRATEGIC-BASELINE-001,PRDs/modules/Sys4AI_skill_lifecycle_prd.md,G-02 prevents candidate skills from restoring retired execution semantics or creating authority.
REL-TX19-MODULE-VALIDATION-SUPPORTED-BY-G02,SRC-PRD-MODULE-VALIDATION-TRACEABILITY,supported_by,SRC-DDR-STRATEGIC-BASELINE-001,PRDs/modules/Sys4AI_validation_and_traceability_prd.md,G-02 supplies the accepted identity and execution-model decision checked by semantic validation.
REL-TX19-MODULE-TARGET-GENERATION-SUPPORTED-BY-G02,SRC-PRD-MODULE-TARGET-SYSTEM-GENERATION,supported_by,SRC-DDR-STRATEGIC-BASELINE-001,PRDs/modules/Sys4AI_target_system_generation_prd.md,G-02 supplies the harness-neutral bounded execution route required by target packages.
REL-TX19-COMPLETION-CLOSES-EXECUTION,SRC-COMPLETION-STRATEGIC-BASELINE-TX19,closes,SRC-TX19-EXECUTION-TRANSACTION,Sys4AI/control_records/completions/RECEIPT-SFADEV-STRATEGIC-BASELINE-TX19-001.yaml,Machine-readable closeout binds twelve derivative modules unique allocation protected trace and later-gate boundaries.
REL-TX19-HANDOFF-FOLLOWS-COMPLETION,SRC-HANDOFF-STRATEGIC-BASELINE-TX19,follows,SRC-COMPLETION-STRATEGIC-BASELINE-TX19,Sys4AI/control_records/handoffs/HANDOFF-SFADEV-STRATEGIC-BASELINE-TX19-001.yaml,Portable handoff routes only to TX-20 after shared-baseline publication.
REL-TX19-RECEIPT-DESCRIBES-COMPLETION,SRC-STRATEGIC-BASELINE-TX19-RECEIPT,describes,SRC-COMPLETION-STRATEGIC-BASELINE-TX19,implementation_plans/completion_receipts/CR-SFADEV-STRATEGIC-BASELINE-TX19-001.md,Human-readable receipt records module scope validation limits rollback protected evidence and open gates.
REL-TX19-RECEIPT-TRACES-PLAN,SRC-STRATEGIC-BASELINE-TX19-RECEIPT,implements_transaction_from,SRC-STRATEGIC-BASELINE-MIGRATION-PLAN,implementation_plans/completion_receipts/CR-SFADEV-STRATEGIC-BASELINE-TX19-001.md,Completion evidence closes TX-19 without beginning TX-20 or satisfying G-07 G-09 or G-10.
REL-TX20-EXECUTION-CONSUMES-TX19-HANDOFF,SRC-TX20-EXECUTION-TRANSACTION,consumes,SRC-HANDOFF-STRATEGIC-BASELINE-TX19,Sys4AI/control_records/execution_transactions/TX-20-GENERATED-DOCS.yaml,TX-20 consumes the shared TX-19 handoff and remains bounded to generated noncanonical readers.
REL-TX20-COMPLETION-CLOSES-EXECUTION,SRC-COMPLETION-STRATEGIC-BASELINE-TX20,closes,SRC-TX20-EXECUTION-TRANSACTION,Sys4AI/control_records/completions/RECEIPT-SFADEV-STRATEGIC-BASELINE-TX20-001.yaml,Machine-readable closeout binds five strategic readers deterministic drift G-08 correction G-09 completion and later-gate boundaries.
REL-TX20-HANDOFF-FOLLOWS-COMPLETION,SRC-HANDOFF-STRATEGIC-BASELINE-TX20,follows,SRC-COMPLETION-STRATEGIC-BASELINE-TX20,Sys4AI/control_records/handoffs/HANDOFF-SFADEV-STRATEGIC-BASELINE-TX20-001.yaml,Portable handoff routes only to TX-21 after shared-baseline publication.
REL-TX20-RECEIPT-DESCRIBES-COMPLETION,SRC-STRATEGIC-BASELINE-TX20-RECEIPT,describes,SRC-COMPLETION-STRATEGIC-BASELINE-TX20,implementation_plans/completion_receipts/CR-SFADEV-STRATEGIC-BASELINE-TX20-001.md,Human-readable receipt records generated scope validation limits rollback protected evidence and open gates.
REL-TX20-RECEIPT-TRACES-PLAN,SRC-STRATEGIC-BASELINE-TX20-RECEIPT,implements_transaction_from,SRC-STRATEGIC-BASELINE-MIGRATION-PLAN,implementation_plans/completion_receipts/CR-SFADEV-STRATEGIC-BASELINE-TX20-001.md,Completion evidence closes TX-20 and G-09 without beginning TX-21 or satisfying G-07 G-10 production or operational acceptance.
REL-TX22-EXECUTION-CONSUMES-TX21-HANDOFF,SRC-TX22-EXECUTION-TRANSACTION,consumes,SRC-HANDOFF-STRATEGIC-BASELINE-TX21,Sys4AI/control_records/execution_transactions/TX-22-G07-HOST-VERIFICATION.yaml,TX-22 consumes the blocked TX-21 handoff only after separate direct human authorization and remains bounded to G-07 host verification.
REL-TX22-REPORT-VERIFIES-HOST-PROFILE,SRC-HOST-VERIFICATION-REPORT-G07-TX22,verifies,SRC-HOST-PROFILE-CODEX-APP-REFERENCE,implementation_plans/acceptance_reports/STRATEGIC-BASELINE-MIGRATION-G07-HOST-VERIFICATION-SFADEV-TX22.md,Report maps safe positive and denial-or-absence probes to all eight exact mixed interface states permission boundaries limitations and freshness.
REL-G07-DECISION-ACCEPTS-HOST-PROFILE,SRC-DDR-STRATEGIC-BASELINE-G07-001,accepts,SRC-HOST-PROFILE-CODEX-APP-REFERENCE,Sys4AI/control_records/director_decisions/DDR-SFADEV-STRATEGIC-BASELINE-G07-001.yaml,Accountable decision accepts profile version 1.0.0 only for current observed development-host evidence.
REL-G07-DECISION-SUPPORTED-BY-REPORT,SRC-DDR-STRATEGIC-BASELINE-G07-001,supported_by,SRC-HOST-VERIFICATION-REPORT-G07-TX22,Sys4AI/control_records/director_decisions/DDR-SFADEV-STRATEGIC-BASELINE-G07-001.yaml,Decision selects the mixed G-07 route from retained probe evidence rather than structural validation or model assertion.
REL-G07-DECISION-CONSTRAINED-BY-G10-DEFER,SRC-DDR-STRATEGIC-BASELINE-G07-001,constrained_by,SRC-DDR-STRATEGIC-BASELINE-G10-001,Sys4AI/control_records/director_decisions/DDR-SFADEV-STRATEGIC-BASELINE-G07-001.yaml,G-07 closes only the host-verification prerequisite and preserves every remaining G-10 evidence obligation.
REL-TX22-COMPLETION-CLOSES-EXECUTION,SRC-COMPLETION-STRATEGIC-BASELINE-TX22,closes,SRC-TX22-EXECUTION-TRANSACTION,Sys4AI/control_records/completions/RECEIPT-SFADEV-STRATEGIC-BASELINE-TX22-001.yaml,Machine-readable closeout binds all eight probes accepted G-07 mixed states and later evidence-closure boundaries.
REL-TX22-HANDOFF-FOLLOWS-COMPLETION,SRC-HANDOFF-STRATEGIC-BASELINE-TX22,follows,SRC-COMPLETION-STRATEGIC-BASELINE-TX22,Sys4AI/control_records/handoffs/HANDOFF-SFADEV-STRATEGIC-BASELINE-TX22-001.yaml,Portable handoff routes only to bounded TX-23 evidence-closure planning under the existing human authorization.
REL-TX22-RECEIPT-DESCRIBES-COMPLETION,SRC-STRATEGIC-BASELINE-TX22-RECEIPT,describes,SRC-COMPLETION-STRATEGIC-BASELINE-TX22,implementation_plans/completion_receipts/CR-SFADEV-STRATEGIC-BASELINE-TX22-001.md,Human-readable receipt records probe state validation limits freshness rollback residual evidence and next route.
REL-TX22-RECEIPT-TRACES-PLAN,SRC-STRATEGIC-BASELINE-TX22-RECEIPT,implements_gate_from,SRC-STRATEGIC-BASELINE-MIGRATION-PLAN,implementation_plans/completion_receipts/CR-SFADEV-STRATEGIC-BASELINE-TX22-001.md,Completion evidence closes G-07 without claiming G-10 production operational stakeholder domain target-runtime or permission authority.
